"model_id","reference_date","wis_scaled_relative_skill","wis_scaled_relative_skill__log","wis","wis__log","ae_median_scaled_relative_skill","ae_median_scaled_relative_skill__log","ae_median","ae_median__log","interval_coverage_50","interval_coverage_95","n"
"CFA_Pyrenew-Pyrenew_E_Flu",2025-11-22,0.419100930287839,0.418954170406858,0.000306153409635185,0.000305131161900057,0.395998222364815,0.395872250315426,0.000491428337269541,0.000489712947631071,0.5,1,2
"CFA_Pyrenew-Pyrenew_E_Flu",2025-11-29,0.498261351904682,0.49788284201918,0.000619103549780602,0.000616605037043277,0.713420007079816,0.711877389484724,0.00108957504552808,0.00108517243726534,0,1,2
"CFA_Pyrenew-Pyrenew_E_Flu",2025-12-06,0.414930625471722,0.413874076653154,0.000707792568151308,0.0007026402668809,0.519315521186541,0.517336447096508,0.00119903244257034,0.00118999776255104,0.5,1,2
"CFA_Pyrenew-Pyrenew_E_Flu",2025-12-13,0.754784261761557,0.753039342296553,0.00389808990097128,0.00385210899161542,0.661261027653575,0.65957489942083,0.00528470608210794,0.00522468282247667,0,0,2
"CFA_Pyrenew-Pyrenew_E_Flu",2025-12-20,0.14033151154835,0.139401826481433,0.00146718262980401,0.00143392831148093,0.122193945476573,0.121587010535936,0.00187238284740012,0.00183424678430044,0.5,1,2
"CFA_Pyrenew-Pyrenew_E_Flu",2025-12-27,1.61066792518725,1.58760011048434,0.00698744033974634,0.00676217006698449,1.53748474526132,1.51585271901591,0.0100794861163421,0.00974931503490592,0,0.5,2
"CFA_Pyrenew-Pyrenew_E_Flu",2026-01-03,1.08943544580593,1.0864788539051,0.0018004006873825,0.0017534476918236,1.21728353887494,1.21601009101326,0.00289353965401493,0.00282068833382719,0.5,1,2
"CFA_Pyrenew-Pyrenew_E_Flu",2026-01-10,1.16409708692206,1.16293524821772,0.00248020925281139,0.00241849397066236,1.12146092854399,1.12096235466181,0.00292912820645557,0.00285742992254113,0.5,1,2
"CFA_Pyrenew-Pyrenew_E_Flu",2026-01-17,1.17458239712517,1.17515870545615,0.00621042226790927,0.00604685767123083,1.16011557486828,1.16181601665696,0.00991635294653934,0.00966167557408513,0,1,2
"CFA_Pyrenew-Pyrenew_E_Flu",2026-01-24,0.451902314834282,0.444895404866473,0.00362919118278587,0.00346699727926094,0.497324194422519,0.491367118761808,0.00566541482946944,0.00543133660735248,0.5,1,2
"CFA_Pyrenew-Pyrenew_E_Flu",2026-01-31,0.540288460279198,0.537310191997134,0.00240411018874659,0.0023003810987356,0.215662886859401,0.215493362444434,0.00164019772906634,0.00157686281539827,1,1,2
"CFA_Pyrenew-Pyrenew_E_Flu",2026-02-07,0.555466858687298,0.551540035575112,0.00272171213123682,0.00259745573782227,0.406375393653055,0.404411108059826,0.00367525464645182,0.00351830203591332,1,1,2
"CFA_Pyrenew-Pyrenew_E_Flu",2026-02-14,0.564575642506003,0.564255997001516,0.00358899369093937,0.00345215923891592,0.761116673473322,0.762889018184827,0.00657371672446227,0.00633431804159439,0,1,2
"CFA_Pyrenew-Pyrenew_E_Flu",2026-02-21,0.186812471760971,0.188105114078521,0.00140032510213913,0.00136289195434486,0.117808301294187,0.118836510915644,0.00133930234699787,0.00130459246910583,1,1,2
"CFA_Pyrenew-Pyrenew_E_Flu",2026-02-28,0.345740408865258,0.346485569203621,0.00165995290877256,0.00161939945423057,0.311730872422963,0.313034985806017,0.00244663685202721,0.00239121651241032,1,1,2
"CFA_Pyrenew-Pyrenew_E_Flu",2026-03-07,0.354987696726492,0.355868594930205,0.00188001276327518,0.00184119308608244,0.323894948681314,0.324902560101683,0.00287402484583839,0.00281687389512955,0.5,1,2
"CFA_Pyrenew-Pyrenew_E_Flu",2026-03-14,0.697321440204152,0.700257957574983,0.00189777848656099,0.00187108963243918,0.828843973570631,0.831742531610081,0.00351996542673457,0.00347028075470403,0,1,2
"CFA_Pyrenew-Pyrenew_E_Flu",2026-03-21,0.446616654272193,0.446947164431331,0.0011056068593019,0.00108928386382215,0.383393448957257,0.383969477076165,0.00172328255035284,0.00170012842466721,1,1,2
"CFA_Pyrenew-Pyrenew_E_Flu",2026-03-28,0.223035868512951,0.223624245820723,0.000692940078992165,0.000685344651331109,0.20274810908542,0.203387524977759,0.000904906949563101,0.000895879754466616,1,1,2
"CFA_Pyrenew-Pyrenew_E_Flu",2026-04-04,0.216376979434919,0.217104249821403,0.000490325350436063,0.000486611408111153,0.168693421363637,0.169188753348205,0.000587952693736348,0.000583723758077919,1,1,2
"CFA_Pyrenew-Pyrenew_E_Flu",2026-04-11,0.754852298324492,0.755546123637746,0.00122912431589082,0.00121917867307354,0.810086100217018,0.810481617144328,0.00211861815985799,0.00210306333203086,0,1,2
"CFA_Pyrenew-Pyrenew_E_Flu",2026-04-18,0.346666466315861,0.347869863699197,0.000542786282636444,0.000540326655077608,0.395789613796356,0.396752864147201,0.000907057018684731,0.000903088161538365,0.5,1,2
"CFA_Pyrenew-Pyrenew_E_Flu",2026-04-25,0.412274197528387,0.412772238640743,0.000391252053896552,0.000389036928239526,0.578415531171294,0.578479766939293,0.000389466071029641,0.000387505809767118,1,1,2
"CFA_Pyrenew-Pyrenew_E_Flu",2026-05-02,0.865957784152677,0.86680832129665,0.000840279112455703,0.000835619287243156,1.54917567177199,1.5489625554835,0.00142853834985551,0.00142128953705306,0,1,2
"CFA_Pyrenew-Pyrenew_E_Flu",2026-05-09,1.15312811266423,1.15450591221881,0.000966150207925388,0.000961389163117184,2.65071609384403,2.64995857045519,0.0015634741629153,0.00155623066743684,0,0.5,2
"CFA_Pyrenew-Pyrenew_E_Flu",2026-05-16,0.645567637092721,0.646578680603431,0.000482121064556911,0.000480087014622413,2.06791921640968,2.0680403119565,0.000723856567217445,0.000721019427084674,0.5,1,2
"CFA_Pyrenew-Pyrenew_E_Flu",2026-05-23,0.373990833500344,0.374827992144795,0.000267112873717836,0.00026624943487177,5.70993661336651,5.71232491534094,0.000399524442291788,0.000398243830006089,1,1,2
"CFA_Pyrenew-Pyrenew_HE_Flu",2025-11-22,0.479788201472228,0.479638288502428,0.000350485487308683,0.00034932839580132,0.480477252528588,0.480377772759263,0.00059626564961808,0.000594250329208337,0.5,1,2
"CFA_Pyrenew-Pyrenew_HE_Flu",2025-11-29,0.666066950499871,0.665604257339456,0.000827606660379504,0.000824320308144195,0.851630796932606,0.849890604580854,0.0013006583150634,0.00129555717375641,0,1,2
"CFA_Pyrenew-Pyrenew_HE_Flu",2025-12-06,0.412037936648966,0.41100640153507,0.000702858192318255,0.000697771771548715,0.541579795389283,0.539565385298785,0.00125043777514807,0.0012411296456284,0.5,1,2
"CFA_Pyrenew-Pyrenew_HE_Flu",2025-12-13,0.692073717969136,0.690458693855113,0.00357422075077048,0.00353198298355426,0.654353233057304,0.652670475038175,0.00522949994929469,0.00516999088756098,0,0,2
"CFA_Pyrenew-Pyrenew_HE_Flu",2025-12-20,0.159439843245656,0.15776665096753,0.00166696250847483,0.0016228343138675,0.0767001622786306,0.0762442686008884,0.00117527973815075,0.00115021171987105,1,1,2
"CFA_Pyrenew-Pyrenew_HE_Flu",2025-12-27,1.84964327918053,1.82167612072199,0.00802416926604174,0.00775918548628001,1.7179489434672,1.69196960998645,0.0112625784272864,0.0108820233986543,0,0.5,2
"CFA_Pyrenew-Pyrenew_HE_Flu",2026-01-03,1.72648903821376,1.72018379394091,0.0028531952610179,0.00277617211983172,2.09373088655909,2.09003833020572,0.00497689581072777,0.00484810675407349,0,1,2
"CFA_Pyrenew-Pyrenew_HE_Flu",2026-01-10,1.28790606687445,1.28554352813845,0.00274399496373604,0.00267347582472176,1.48246980658905,1.48134420657461,0.00387204227554895,0.00377607440949814,0.5,1,2
"CFA_Pyrenew-Pyrenew_HE_Flu",2026-01-17,0.951460525407877,0.951258119460218,0.00503069997344769,0.00489476223957841,0.999462293245622,0.999983765258971,0.00854313231481831,0.00831587667992784,0,1,2
"CFA_Pyrenew-Pyrenew_HE_Flu",2026-01-24,0.692916016283926,0.681107098117954,0.00556475285511851,0.005307756452933,0.859105814663562,0.846686460780471,0.009786756560537,0.00935886630138126,0.5,1,2
"CFA_Pyrenew-Pyrenew_HE_Flu",2026-01-31,0.539710973751619,0.536867355417173,0.00240154055910079,0.00229848518662832,0.236013440478609,0.235768029475596,0.00179497137750233,0.00172522176331837,0.5,1,2
"CFA_Pyrenew-Pyrenew_HE_Flu",2026-02-07,0.503939858431212,0.500699477101994,0.00246923683142387,0.00235802416114192,0.388643532571862,0.386848676030105,0.00351488788742376,0.00336551211710472,1,1,2
"CFA_Pyrenew-Pyrenew_HE_Flu",2026-02-14,0.314906013810479,0.315362869801408,0.00200184990586564,0.00192941297989084,0.329474594518117,0.331223107377754,0.00284565130124572,0.00275016739636375,1,1,2
"CFA_Pyrenew-Pyrenew_HE_Flu",2026-02-21,0.170915185948472,0.17221509692799,0.00128116085058099,0.00124776283286961,0.158705685181967,0.160100866509371,0.00180424379531055,0.00175759438859415,1,1,2
"CFA_Pyrenew-Pyrenew_HE_Flu",2026-02-28,0.303285850581985,0.304166529328805,0.00145612204114483,0.00142160931181755,0.289947981778491,0.291118756641313,0.00227567263991629,0.00222380248060979,0.5,1,2
"CFA_Pyrenew-Pyrenew_HE_Flu",2026-03-07,0.214401888530811,0.215801820068434,0.00113547114625437,0.00111651554740855,0.228519599987598,0.229990206022985,0.00202772846813248,0.00199399292907652,1,1,2
"CFA_Pyrenew-Pyrenew_HE_Flu",2026-03-14,0.456634430717943,0.458292883345613,0.00124274251281565,0.00122455882631911,0.559733563522302,0.561305522685262,0.00237709732423305,0.00234193597039344,0.5,1,2
"CFA_Pyrenew-Pyrenew_HE_Flu",2026-03-21,0.392640593198794,0.393059754790317,0.00097198823404464,0.000957951369835273,0.333519981837249,0.334055395949924,0.00149911055198599,0.00147912036756835,1,1,2
"CFA_Pyrenew-Pyrenew_HE_Flu",2026-03-28,0.168380286107203,0.168895159289073,0.000523133115466015,0.000517615581573738,0.10587261548643,0.106166999200888,0.000472531487244249,0.000467643554770382,1,1,2
"CFA_Pyrenew-Pyrenew_HE_Flu",2026-04-04,0.220119901377985,0.220842857703021,0.000498807073021255,0.000494991019505892,0.166869292699189,0.167354384008506,0.000581594998496578,0.000577394939267672,1,1,2
"CFA_Pyrenew-Pyrenew_HE_Flu",2026-04-11,0.925212946239436,0.925804491992025,0.00150652217940392,0.00149391421219645,1.01223087777429,1.01236501545402,0.00264728739210201,0.00262691675862288,0,1,2
"CFA_Pyrenew-Pyrenew_HE_Flu",2026-04-18,0.332946016623708,0.334090498422961,0.000521303755169486,0.000518923943530168,0.378851801833231,0.379750752186016,0.000868239524018943,0.000864387984625214,0.5,1,2
"CFA_Pyrenew-Pyrenew_HE_Flu",2026-04-25,0.410066122727191,0.410562768410095,0.000389156570341422,0.000386954507400376,0.548569431651412,0.548654239710704,0.000369369717302711,0.000367526606100936,1,1,2
"CFA_Pyrenew-Pyrenew_HE_Flu",2026-05-02,0.920830074343762,0.921658894316555,0.000893524247662025,0.000888496256240419,1.62297507060485,1.622695626109,0.00149659084599912,0.00148894516981437,0,1,2
"CFA_Pyrenew-Pyrenew_HE_Flu",2026-05-09,1.14975031312876,1.15102999033461,0.000963320113257082,0.000958494666349393,2.72027033516359,2.71944033095671,0.00160449940114313,0.00159703494555859,0,1,2
"CFA_Pyrenew-Pyrenew_HE_Flu",2026-05-16,0.636875956399001,0.637842357800754,0.000475629967252659,0.000473600263266491,2.06987512489586,2.07002170283075,0.000724541215433565,0.000721710236303778,0.5,1,2
"CFA_Pyrenew-Pyrenew_HE_Flu",2026-05-23,0.366073529370651,0.366900162550855,0.000261458152615752,0.00026061810478602,5.93026535525051,5.93275062777303,0.000414940851208831,0.000413611159640127,1,1,2
"CMU-TimeSeries",2025-11-22,0.639387009763551,0.638238951092295,0.000901556192140813,0.000894791029988311,0.447429892574491,0.446940349503341,0.000970371176606945,0.000964353851979606,0.75,1,4
"CMU-TimeSeries",2025-11-29,0.564756789965898,0.56328718325713,0.00185353461989633,0.00183347984738969,0.432545738998,0.431351702397017,0.00302863662390627,0.00299623103479411,1,1,4
"CMU-TimeSeries",2025-12-06,0.48791626804541,0.486721601801947,0.00355549210129434,0.00349753042600255,0.54419692742962,0.54232199860801,0.0066560441712643,0.00654829269617351,0.5,1,4
"CMU-TimeSeries",2025-12-13,0.646274532539322,0.645088050294367,0.00651962116472741,0.00640962976888234,0.73749913944079,0.735804000734774,0.0112928017763211,0.01110812024567,0,1,4
"CMU-TimeSeries",2025-12-20,0.403712343691503,0.401926569415226,0.00406271217406022,0.00397638006808082,0.423023984986234,0.421247124512122,0.00605723380177985,0.00593476862700429,0.5,1,4
"CMU-TimeSeries",2025-12-27,0.777265025672568,0.76801191665131,0.00557476612572617,0.00539109527887136,0.86413096035208,0.85643820740355,0.00994313177717141,0.00964810309576105,0.5,1,4
"CMU-TimeSeries",2026-01-03,4.164363479259,4.12471722797417,0.00900119141744377,0.00867247488598223,4.78440300176804,4.75324177634135,0.0159885043604117,0.0154513219299281,0.25,1,4
"CMU-TimeSeries",2026-01-10,1.3737177310514,1.37626596153826,0.00573494251634884,0.00558100174653823,1.3996963834896,1.40316115696242,0.00997394512377204,0.00970795762180905,0.5,1,4
"CMU-TimeSeries",2026-01-17,1.28755796759126,1.29117914954855,0.0118222119005168,0.0114936926090805,1.41082058388026,1.41541817810921,0.0195635253480006,0.0190402086131951,0,1,4
"CMU-TimeSeries",2026-01-24,0.866585513887732,0.867216296201116,0.00948466972571097,0.0091894496453589,1.03611913552676,1.03659110771235,0.0168665042850978,0.0163449629926217,0,1,4
"CMU-TimeSeries",2026-01-31,0.890003728156986,0.888909160768182,0.00389932047825243,0.00375411764513772,0.524302393906476,0.523193179980021,0.00344738437603589,0.0033154047256863,1,1,4
"CMU-TimeSeries",2026-02-07,1.09872096477945,1.10170525378167,0.00454853126201594,0.00439845888545662,1.10965272238128,1.11147990052801,0.00733761717304045,0.0070919591060372,0.5,1,4
"CMU-TimeSeries",2026-02-14,0.458899104785547,0.458259753661163,0.00390155864253332,0.00376798282257173,0.351362792828512,0.353189493425128,0.00466959841648535,0.00453869220983742,1,1,4
"CMU-TimeSeries",2026-02-21,0.25242068892318,0.252913166303652,0.0023754919466688,0.00231107745986116,0.134758630912586,0.135351840621515,0.00191224333479814,0.00186494906843023,1,1,4
"CMU-TimeSeries",2026-02-28,0.296428982981605,0.297389192999713,0.00169952267385943,0.00166520995748198,0.166723818871419,0.167348940861297,0.00156833730758101,0.00153843159643692,1,1,4
"CMU-TimeSeries",2026-03-07,0.296669098093014,0.297037855369291,0.00172294905968975,0.00168965337353153,0.206975401904179,0.207524295148731,0.00189133546271234,0.00185790762770079,0.75,1,4
"CMU-TimeSeries",2026-03-14,0.42980074159805,0.430933433873326,0.00126499836874975,0.00124795574796877,0.354583998025963,0.355122850541241,0.00167131560296563,0.00164810146405315,0.5,1,4
"CMU-TimeSeries",2026-03-21,0.339015907497709,0.339529525654392,0.000931113449942206,0.000919938302698848,0.22245391303736,0.222609506268472,0.00102673016063368,0.00101472792302625,0.75,1,4
"CMU-TimeSeries",2026-03-28,0.334560492789779,0.335280037462303,0.00123502478789439,0.00122297241682694,0.326401003296817,0.327122079830744,0.00209182913825638,0.00207307781571713,0.5,1,4
"CMU-TimeSeries",2026-04-04,0.178367924994003,0.178814205304218,0.000449142774666621,0.000445899589860565,0.0870401762288522,0.0872017453929993,0.000367252416162553,0.000364736940259236,1,1,4
"CMU-TimeSeries",2026-04-11,0.214417898619256,0.214917151279194,0.000381449574718974,0.000379215900970315,0.165905681022134,0.166060762739126,0.000443745485816574,0.000441103518864113,1,1,4
"CMU-TimeSeries",2026-04-25,0.497801470939645,0.499061153090801,0.000530525180879155,0.000528473118482985,1.36035887176361,1.36132628746836,0.00104138861017764,0.00103735331662282,0,1,4
"CMU-TimeSeries",2026-05-02,0.224770302986567,0.225320135674813,0.000262704211776861,0.000261734310390232,0.300154768878419,0.300388452320771,0.000354119361326144,0.000352822033913363,1,1,4
"CMU-TimeSeries",2026-05-09,0.338051653289628,0.338941969067754,0.00037156396994806,0.000370365504914414,0.856971314402937,0.857611917586132,0.000688246948995485,0.000686013728495086,0.5,1,4
"CMU-TimeSeries",2026-05-16,0.410345285826562,0.411407787902219,0.000449183029806711,0.000447813944949635,1.36109057418054,1.36210295272976,0.000805426159874242,0.000802975318333172,0.25,1,4
"CMU-TimeSeries",2026-05-23,0.692456340032194,0.694164753457535,0.000646848084036439,0.000644974954080444,12.037021341742,12.043891921374,0.00112946809981096,0.0011262233048105,0,1,4
"CU-ensemble",2025-11-29,0.338857442980259,0.337987199922484,0.00101846739130435,0.00100740876854062,0.19148552802728,0.190705258712349,0.001075,0.00106185960618354,1,1,4
"CU-ensemble",2025-12-06,0.539742963447842,0.538311075741683,0.00366628260869565,0.00360596111065536,0.583615038469263,0.5817123503205,0.0066,0.00649387918742566,0.5,1,4
"CU-ensemble",2025-12-13,0.475770032473713,0.474460206944241,0.00491696739130435,0.00482919544348586,0.583356367667012,0.581202052679965,0.009075,0.00891341501016169,0.25,1,4
"CU-ensemble",2025-12-20,0.559898824931452,0.558479931358285,0.00572458695652174,0.00561488846183548,0.649846082840151,0.648081645787153,0.00975,0.00956787833516931,0.25,1,4
"CU-ensemble",2026-03-07,0.316288445522386,0.317078748140762,0.00180626086956522,0.00177381125055368,0.28264001800489,0.283332234839931,0.0026,0.00255356062298593,1,1,4
"CU-ensemble",2026-03-14,0.422411110084624,0.423693267058337,0.00129523913043478,0.00127866898771319,0.0749890681173274,0.0750728482288801,0.00035,0.000344998661042476,1,1,4
"CU-ensemble",2026-03-21,0.436343098658549,0.437708186823495,0.00119283695652174,0.00118060254287889,0.208221496765934,0.208406448201869,0.000925000000000001,0.000914315131243272,1,1,4
"CU-ensemble",2026-03-28,0.280586664720399,0.281326341851264,0.00101230434782609,0.00100297256720803,0.136788020638891,0.137100692621802,0.000825,0.000817624602317275,1,1,4
"CU-ensemble",2026-04-04,0.30999322485639,0.310891715829721,0.000765652173913043,0.000760446599921217,0.109203495706846,0.10939925789172,0.00045,0.00044689277864109,1,1,4
"CU-ensemble",2026-04-11,0.36549410525164,0.36651034487677,0.000653815217391304,0.000650289099636771,0.157470454180928,0.157630931958479,0.00045,0.000447418241514586,1,1,4
"CU-ensemble",2026-04-18,0.327514770715961,0.328393741712681,0.000574891304347826,0.000572192794748302,0.164431850275811,0.164653779439539,0.000425,0.000422968680034268,1,1,4
"CU-ensemble",2026-04-25,0.59291992120931,0.594523075829435,0.000627065217391304,0.000624733455037558,1.26947491002856,1.27026155896791,0.00095,0.000946208052921523,1,1,4
"CU-ensemble",2026-05-02,0.436944637056949,0.438111761449843,0.000506293478260869,0.000504530057928151,0.523808602749121,0.524245650332726,6e-04,0.000597830528722529,1,1,4
"CU-ensemble",2026-05-09,0.49781761405686,0.499172664341938,0.000528641304347826,0.000526976465052603,0.918989452985279,0.919658070801361,0.000725,0.000722631646153045,1,1,4
"CU-ensemble",2026-05-16,0.515029541539381,0.516398531900457,0.000535206521739131,0.000533613360642126,1.32386333200577,1.32481604515714,0.000775,0.000772618677164009,1,1,4
"CU-ensemble",2026-05-23,0.685687676705221,0.687484492431625,0.000628652173913044,0.000626922557179038,12.6516736157587,12.6590573568041,0.001175,0.00117163362391407,1,1,4
"FluSight-baseline",2025-11-22,1,1,0.0014285010831054,0.00142089847600669,1,1,0.00245,0.00243792739004504,0.75,1,4
"FluSight-baseline",2025-11-29,1,1,0.0033253635103688,0.00329820579816541,1,1,0.006025,0.00597916333976592,0.25,1,4
"FluSight-baseline",2025-12-06,1,1,0.00687329789735723,0.00677949222195527,1,1,0.01085,0.0107154359442525,0,0.75,4
"FluSight-baseline",2025-12-13,1,1,0.0101833949736465,0.0100307498543189,1,1,0.015275,0.015062295487686,0,0.5,4
"FluSight-baseline",2025-12-20,1,1,0.0103490986612719,0.0101777560664164,1,1,0.0154,0.0151550652593598,0,0.75,4
"FluSight-baseline",2025-12-27,1,1,0.00598389952686429,0.00586262734763451,1,1,0.0095,0.0093069938841866,0,0.75,4
"FluSight-baseline",2026-01-03,1,1,0.00237492871290398,0.00231058125817655,1,1,0.00375,0.0036463461625438,0.5,1,4
"FluSight-baseline",2026-01-10,1,1,0.00407529841092378,0.00395758470618981,1,1,0.00665,0.00645452709140133,0.25,1,4
"FluSight-baseline",2026-01-17,1,1,0.00926042715140955,0.00897627548040896,1,1,0.013925,0.0135055092159491,0,0.75,4
"FluSight-baseline",2026-01-24,1,1,0.010711273109168,0.0103689491343908,1,1,0.0159,0.0153984992248539,0,0.5,4
"FluSight-baseline",2026-01-31,1,1,0.00411277883090353,0.00396375878997901,1,1,0.00645,0.00621508569559392,0.25,1,4
"FluSight-baseline",2026-02-07,1,1,0.00426763534276158,0.0041152943647903,1,1,0.007025,0.00677896916681526,0,1,4
"FluSight-baseline",2026-02-14,1,1,0.00899416772479464,0.0086990801806759,1,1,0.013625,0.0131701442295041,0,0.75,4
"FluSight-baseline",2026-02-21,1,1,0.00984608512540017,0.00956063288034283,1,1,0.014975,0.0145341665554855,0,0.75,4
"FluSight-baseline",2026-02-28,1,1,0.00598750058839556,0.00584596837481228,1,1,0.00995,0.00971642344140079,0,1,4
"FluSight-baseline",2026-03-07,1,1,0.00596880709383018,0.00584599694695672,1,1,0.01,0.00979671349504896,0,1,4
"FluSight-baseline",2026-03-14,1,1,0.0033306768164236,0.00327767009896069,1,1,0.0058,0.0057123402119853,0,1,4
"FluSight-baseline",2026-03-21,1,1,0.00299796638438341,0.00295733995856908,1,1,0.00525,0.00518391986317377,0.25,1,4
"FluSight-baseline",2026-03-28,1,1,0.00375362180865341,0.00370852781042349,1,1,0.006625,0.00655035579844779,0,1,4
"FluSight-baseline",2026-04-04,1,1,0.00257527445654565,0.00254998237375826,1,1,0.00445,0.00441108752780263,0,1,4
"FluSight-baseline",2026-04-11,1,1,0.00185334865312512,0.00183791928061224,1,1,0.0029,0.00287984201415881,0.5,1,4
"FluSight-baseline",2026-04-18,1,1,0.001794764354268,0.00178127293120065,1,1,0.0027,0.00268336759329751,0.75,1,4
"FluSight-baseline",2026-04-25,1,1,0.00113728697203548,0.00112988122382324,1,1,0.000875,0.000870955206326705,1,1,4
"FluSight-baseline",2026-05-02,1,1,0.00121941674907945,0.00121175404850636,1,1,0.001225,0.00121950625813482,1,1,4
"FluSight-baseline",2026-05-09,1,1,0.00109360413940444,0.00108706703743344,1,1,0.000775,0.000771864049605919,1,1,4
"FluSight-baseline",2026-05-16,1,1,0.00104611209882316,0.00104010832671531,1,1,0.000525,0.000522993957091934,1,1,4
"FluSight-baseline",2026-05-23,1,1,0.000953487993213085,0.000948293202600968,1,1,9.99999999999999e-05,9.96537041436217e-05,1,1,4
"FluSight-ensemble",2025-11-22,0.77947040508171,0.778160599914857,0.00107976273858327,0.00107181067248453,0.411303846405169,0.411249741674473,0.000827665701245041,0.000823498689437235,1,1,4
"FluSight-ensemble",2025-11-29,0.422658042246241,0.42181316111547,0.00140685958018406,0.0013922518109001,0.3163977642441,0.315297247284736,0.00230379070592805,0.00227703106443399,0.75,1,4
"FluSight-ensemble",2025-12-06,0.495879524562327,0.494556289880879,0.00360289880564355,0.00354314099717565,0.55883772166567,0.556922002104602,0.00659794107401563,0.00649108273542811,0.5,1,4
"FluSight-ensemble",2025-12-13,0.784628950439566,0.783218381724668,0.00804484825764686,0.00790964559075445,0.776160052464293,0.774631145274362,0.0119957105286646,0.0118041275281117,0,0.5,4
"FluSight-ensemble",2025-12-20,0.588061235966601,0.586550035993606,0.00612197294739543,0.0060053544513528,0.686096691976251,0.68429225120297,0.0105799873867956,0.010384488376253,0,1,4
"FluSight-ensemble",2025-12-27,0.562439992967861,0.557243450406033,0.00402305658898068,0.00390035972273942,0.558376349978216,0.554525338536092,0.00642521728324843,0.00624767101659413,0.25,1,4
"FluSight-ensemble",2026-01-03,2.02270259610421,2.01326499182603,0.00463056065676288,0.00448200140884548,2.19587238434973,2.19035762743781,0.007793701798486,0.00755898423895997,0.25,1,4
"FluSight-ensemble",2026-01-10,1.00469923267173,1.00465773973632,0.00388344890107739,0.00377230568982544,0.983427378290045,0.983313293084837,0.00647053810030874,0.00627955545781545,0.5,1,4
"FluSight-ensemble",2026-01-17,0.966769356335943,0.967460286446723,0.00890753374368804,0.00864066752319427,1.09212915311204,1.09294753580961,0.0151844760838711,0.01473870423623,0.25,1,4
"FluSight-ensemble",2026-01-24,0.929410280209581,0.929939490982033,0.0101606606627705,0.00984228321659612,1.0324365585692,1.03280783791941,0.0166913864266056,0.0161728013535753,0,1,4
"FluSight-ensemble",2026-01-31,0.946683079522485,0.947935272145051,0.00403409289315639,0.00389371708698726,1.03615864235125,1.03650406424744,0.0067455764385659,0.00650255863220102,0.75,1,4
"FluSight-ensemble",2026-02-07,0.903198025933093,0.904587725321492,0.00373596086868594,0.00360816955071099,0.780797996663998,0.78030286834459,0.00503086443386773,0.00485027390420682,0.75,1,4
"FluSight-ensemble",2026-02-14,0.457726421192377,0.457826078551299,0.00390798848403335,0.00378142195906596,0.51886811115829,0.520903212579658,0.00706905336494982,0.00686161679071531,0.75,1,4
"FluSight-ensemble",2026-02-21,0.342852004607218,0.343325249847436,0.00324439867077326,0.00315516223111972,0.336411438236609,0.337896540513726,0.00490186208610577,0.00478043882368624,1,1,4
"FluSight-ensemble",2026-02-28,0.344798081854419,0.34556805391204,0.00194463732791362,0.00190342308165038,0.179374974525765,0.180021619267635,0.00159195275522517,0.00156027617477903,1,1,4
"FluSight-ensemble",2026-03-07,0.300196952551367,0.300822235576472,0.00172457482305548,0.00169286374424785,0.238173983691944,0.238815485979855,0.00220067035732162,0.00216196612492906,1,1,4
"FluSight-ensemble",2026-03-14,0.444212432960703,0.44567027185447,0.0013280619512697,0.0013112431856848,0.277557681585029,0.278034607493372,0.00132244303593051,0.0013043714868131,1,1,4
"FluSight-ensemble",2026-03-21,0.414427000036195,0.415497257354195,0.00113016692722607,0.00111789474722581,0.18346831137973,0.183512769056754,0.000804346920917116,0.000794473288874297,1,1,4
"FluSight-ensemble",2026-03-28,0.276084811313461,0.276686772983797,0.00100423831963447,0.000994487164799882,0.210599800539035,0.21114062526978,0.00134048991294663,0.00132895474313373,1,1,4
"FluSight-ensemble",2026-04-04,0.256769827256628,0.257404337061615,0.000628686982130429,0.000624114477744907,0.0992689159605377,0.0994573336250076,0.000428981752333728,0.000426064468933237,1,1,4
"FluSight-ensemble",2026-04-11,0.285632775182219,0.286334121908189,0.000509850791512873,0.000506939954701145,0.182644798229914,0.182838363427188,0.000497130248723872,0.000494243393958361,1,1,4
"FluSight-ensemble",2026-04-18,0.275418462825284,0.276094885179027,0.000481827839583379,0.000479459860583796,0.164050257553026,0.164268774625773,0.000430402266348031,0.000428348013606645,1,1,4
"FluSight-ensemble",2026-04-25,0.573421322845214,0.574977420558285,0.000616673285575367,0.000614406455624681,1.49573013035624,1.49692007256286,0.00115319692283795,0.00114883253094362,0.75,1,4
"FluSight-ensemble",2026-05-02,0.348930592906029,0.349831039731833,0.000408132593774004,0.000406679345542253,0.508163462180205,0.508613838796337,0.000592803106725781,0.000590692931466022,1,1,4
"FluSight-ensemble",2026-05-09,0.473629397728053,0.474919109344544,0.000505297599670763,0.00050371402903627,0.978623563694305,0.979372669725122,0.000778237697995884,0.000775728818416389,0.75,1,4
"FluSight-ensemble",2026-05-16,0.482281502172834,0.483561202257977,0.000511456473217032,0.000509937914941928,1.4174732622451,1.41855786284521,0.000840172153516047,0.000837635603599713,0.5,1,4
"FluSight-ensemble",2026-05-23,0.656527013160422,0.658228445321614,0.00061200800924956,0.000610314705675992,12.103213671558,12.110185301377,0.00113681205477379,0.00113355316055812,0.25,1,4
"FluSight-trained_mean",2025-11-22,0.77947040508171,0.778160599914857,0.00107976273858327,0.00107181067248453,0.411303846405169,0.411249741674473,0.000827665701245041,0.000823498689437235,1,1,4
"FluSight-trained_med",2025-11-22,0.77947040508171,0.778160599914857,0.00107976273858327,0.00107181067248453,0.411303846405169,0.411249741674473,0.000827665701245041,0.000823498689437235,1,1,4
"LosAlamos-DoSiDo",2025-11-22,1.00778282296947,1.00803378179861,0.00143694843010726,0.00142929117781817,0.801476252253759,0.801178940137096,0.0020132485640968,0.00200249271423233,0.75,1,4
"LosAlamos-DoSiDo",2025-11-29,1.01847631744149,1.01849035645705,0.00354142532878265,0.00351202120263771,0.905209262947278,0.904954663222316,0.0056838707567505,0.00563900790434401,0,1,4
"LosAlamos-DoSiDo",2025-12-06,1.07474176204647,1.0751018151854,0.00732104870988879,0.00722372182778807,0.940697927481902,0.940262949825576,0.0101722781466959,0.0100406173513365,0,1,4
"LosAlamos-DoSiDo",2025-12-13,0.915413313980588,0.914687355479631,0.00931818851987331,0.00917151968545611,0.828367189342311,0.827116715554942,0.0127601732032058,0.0125625112902554,0,0.5,4
"LosAlamos-DoSiDo",2025-12-20,0.999594370824657,0.999700074604934,0.010350312870655,0.0101803171020557,0.977227903211016,0.977058578373251,0.0151573839124831,0.0149146041196564,0,0.5,4
"LosAlamos-DoSiDo",2025-12-27,1.36351225437726,1.36599557234185,0.00852058691462025,0.00836407671136163,1.41340540976523,1.41677556096979,0.0141638874071861,0.0139146407488853,0,0.75,4
"LosAlamos-DoSiDo",2026-01-03,2.48707503569103,2.49844704355986,0.00619322771386357,0.00605277636344107,2.24501157498376,2.25752517687855,0.0101541981090059,0.00993731913997912,0.75,1,4
"LosAlamos-DoSiDo",2026-01-10,1.4784134534199,1.4788684267154,0.00551345659057204,0.00535488607222304,0.821584508362427,0.820982711006967,0.00512188653678055,0.00496723807303734,1,1,4
"LosAlamos-DoSiDo",2026-01-17,0.584717140021014,0.58282131696975,0.0052560339436943,0.00507310200902787,0.153073509669908,0.152655763303457,0.0018043290924082,0.00174501130598635,1,1,4
"LosAlamos-DoSiDo",2026-01-24,0.596579730068062,0.589962744774851,0.00681875510129985,0.00651789617281191,0.480196338896912,0.473018285190818,0.00876831265478874,0.0083549115367242,1,1,4
"LosAlamos-DoSiDo",2026-01-31,1.06514600356406,1.06694572017676,0.0044716802892386,0.00431727955895393,1.1646817471151,1.16564050816904,0.00754707460818085,0.00727845136654256,0.5,1,4
"LosAlamos-DoSiDo",2026-02-07,0.86011059617254,0.860020980961311,0.00358845529895403,0.00345948615606979,0.864150030333511,0.863939710693491,0.00576558215566968,0.0055615677358006,0.75,1,4
"LosAlamos-DoSiDo",2026-02-14,0.642129046113627,0.642051948952118,0.00553684345073471,0.00535542915663559,0.710393463040299,0.711953550614318,0.00940061942980216,0.00910901230001681,0.25,1,4
"LosAlamos-DoSiDo",2026-02-21,0.499817590230645,0.500232437710918,0.00482668874211453,0.00469142231859287,0.587440224169983,0.589191925857975,0.00866587834175164,0.00843810901289984,0,1,4
"LosAlamos-DoSiDo",2026-02-28,0.470825221000952,0.471438773029923,0.00267623781867745,0.00261703740062659,0.394788726121386,0.396014770583225,0.00375813138615789,0.00368196009629641,1,1,4
"LosAlamos-DoSiDo",2026-03-07,0.534669643796452,0.535452276223785,0.00312626059189113,0.00306685476908569,0.621845240760024,0.62294699801189,0.00607536050455823,0.00596316648168773,0,1,4
"LosAlamos-DoSiDo",2026-03-14,0.539544648492204,0.540766538375614,0.00169268088248481,0.00166958504295822,0.221346784277954,0.222024314621725,0.00167269563072755,0.00165316922711921,1,1,4
"LosAlamos-DoSiDo",2026-03-21,0.515144540530149,0.516130807515061,0.00144914820592255,0.00143241188934504,0.38814811398414,0.388726367235421,0.00194438884675503,0.00192324524358607,1,1,4
"LosAlamos-DoSiDo",2026-03-28,0.546162636104667,0.547106398438497,0.00206111771290794,0.00204011749237114,0.570573881057658,0.571443046096947,0.00378834613646252,0.0037516374505624,0.25,1,4
"LosAlamos-DoSiDo",2026-04-04,0.537131086988819,0.537838727852347,0.00136907903836179,0.00135760001587943,0.560168046414859,0.560684735325661,0.00243829043731468,0.00241938487716958,0.5,1,4
"LosAlamos-DoSiDo",2026-04-11,0.46703358233098,0.467821617724363,0.000839527246460408,0.000834046188791819,0.403670445228572,0.404047939855967,0.00112590922570428,0.00111916589108444,1,1,4
"LosAlamos-DoSiDo",2026-04-18,0.386315906911401,0.386997034534892,0.000676126660732392,0.000672319792848466,0.425947133320934,0.4262409155353,0.00111439665317343,0.00110833595477841,0.75,1,4
"LosAlamos-DoSiDo",2026-04-25,0.470945126198359,0.47213692633956,0.000507493452222293,0.000505528744277664,0.777368593581549,0.777709071333688,0.000587845681049574,0.000585400401888536,1,1,4
"LosAlamos-DoSiDo",2026-05-02,0.329822624094615,0.330482617654815,0.000391149467814399,0.00038952188641734,0.214938398252662,0.215058496173424,0.000288322433526184,0.000287200603344372,1,1,4
"LosAlamos-DoSiDo",2026-05-09,0.300211094363271,0.300814964807604,0.00031597725705372,0.000314751716253275,0.263050090441121,0.263129828328897,0.000190397737179175,0.000189685485595559,1,1,4
"LosAlamos-DoSiDo",2026-05-16,0.219281824101227,0.219710023994406,0.000218131057589118,0.000217324661324645,0.433178988169204,0.433229969204447,0.000211718414276002,0.000210935004739317,1,1,4
"LosAlamos-DoSiDo",2026-05-23,0.215187102537918,0.215628108693915,0.000196677550399619,0.000196024115173803,2.12864872897013,2.12881363801403,0.000200331147564468,0.000199652434083677,1,1,4
"LosAlamos-ThinMint",2025-11-22,1.17221670569385,1.17264871408056,0.00177659266361629,0.00176745026169848,1.14613019218506,1.14636327864033,0.00266747893497331,0.00265485236594791,0,0.75,4
"LosAlamos-ThinMint",2025-11-29,1.21541733837931,1.21484062168159,0.00423885977362135,0.00420147732822722,0.935136432337234,0.934859742614863,0.00559583447859499,0.0055512972640905,0,0.5,4
"LosAlamos-ThinMint",2025-12-06,1.07947367030288,1.07856878521442,0.00750526087870773,0.0073957300663735,0.909775268081746,0.909137461581884,0.00983572933306404,0.00970576187615238,0,0.25,4
"LosAlamos-ThinMint",2025-12-13,1.07526731605045,1.07417852808732,0.0110195028724083,0.0108432383476973,0.905289241207749,0.904554033767861,0.0139094794306833,0.0137041734862579,0,0,4
"LosAlamos-ThinMint",2025-12-20,0.717210844890117,0.715781287256449,0.00770192860840646,0.0075604163066984,0.755867242819802,0.754367952469053,0.0119129921312387,0.0117021499507571,0,1,4
"LosAlamos-ThinMint",2025-12-27,0.4147894209662,0.413965492163957,0.00266614123478218,0.00260740562494557,0.493789434393929,0.49281467991252,0.00499098414369099,0.00488130296143804,0.25,1,4
"LosAlamos-ThinMint",2026-01-03,1.20623106132313,1.20499948311364,0.00282372990194051,0.00274525840343203,1.15683347626655,1.15665092436148,0.00420792590036602,0.00409184007166959,0.75,1,4
"LosAlamos-ThinMint",2026-01-10,1.11560791511068,1.11582045122129,0.00446567896990382,0.00433854234699137,1.0583335551979,1.05889967039507,0.0073963424794947,0.00718318385168532,0.5,1,4
"LosAlamos-ThinMint",2026-01-17,0.966788319169463,0.968090457164323,0.00892496006074536,0.00866289149142117,1.13181387398125,1.13305887838459,0.015826659864352,0.0153683985739873,0.25,1,4
"LosAlamos-ThinMint",2026-01-24,0.779308842055908,0.779726132576618,0.00856187026787914,0.00829278735040377,1.01092709507361,1.0111268848931,0.0163378643896015,0.0158274431302952,0,1,4
"LosAlamos-ThinMint",2026-01-31,0.98670207221471,0.984100435317105,0.00423525033740178,0.0040712418361771,0.62319597214362,0.621844394252223,0.00399701327828145,0.00384331178777416,1,1,4
"LosAlamos-ThinMint",2026-02-07,0.964714894696671,0.965173134980966,0.00411017856963621,0.00396490088891916,0.580079113985633,0.578799057939221,0.00364346087269825,0.00350638003627342,1,1,4
"LosAlamos-ThinMint",2026-02-14,0.737844239966449,0.733721679421563,0.00608258906684468,0.00585144626431073,0.780506165643693,0.781231492140992,0.009859110085385,0.00954250787984734,0.5,1,4
"LosAlamos-ThinMint",2026-02-21,0.431236252740526,0.430693248883292,0.00396499925849525,0.00384487499013243,0.304779667457164,0.306239923349067,0.00450287875918267,0.00439314292093263,1,1,4
"LosAlamos-ThinMint",2026-02-28,0.503528311137802,0.505712248708373,0.00276942021903031,0.00271592989679125,0.372450305667933,0.373973235332619,0.0033240720049517,0.00326034596874446,1,1,4
"LosAlamos-ThinMint",2026-03-07,0.400015318591118,0.400281285225787,0.00230346849999913,0.00225786972789472,0.264730478275695,0.265581935971728,0.0025065077995872,0.00246383537618392,1,1,4
"LosAlamos-ThinMint",2026-03-14,0.677282949091384,0.680132176595757,0.00196062239739614,0.00193736383371118,0.723936407884477,0.726078494714691,0.00351067399350605,0.00346730908618182,0.75,1,4
"LosAlamos-ThinMint",2026-03-21,0.515535882896108,0.51683281300531,0.00136772221138224,0.00135263043171303,0.338071640596959,0.338223553807405,0.00144033140777209,0.0014227024596541,1,1,4
"LosAlamos-ThinMint",2026-03-28,0.501043820543764,0.501426922827938,0.00181865217855169,0.00179848760403031,0.48578168412724,0.486562092038469,0.00309692514350734,0.00306730529482181,0.5,1,4
"LosAlamos-ThinMint",2026-04-04,0.402729538741932,0.403486847783651,0.000992890932982004,0.000985042578657391,0.121737960521713,0.122029757037444,0.000599321479341049,0.000595569547729067,1,1,4
"LosAlamos-ThinMint",2026-04-11,0.437681638230789,0.438786426292039,0.000766095705686847,0.000761707376698616,0.26946242611891,0.269647636754191,0.000691419247708237,0.000687086513118709,1,1,4
"LosAlamos-ThinMint",2026-04-18,0.422944940204768,0.423477131554648,0.000743598896199301,0.000739023113073927,0.405537769071347,0.405844175145541,0.00107380870325496,0.00106803845152279,1,1,4
"LosAlamos-ThinMint",2026-04-25,0.785793225839539,0.788052540828381,0.00082109696518871,0.000818178491900781,2.16030429631031,2.16233322102442,0.00161376415504711,0.00160783130560545,0.75,1,4
"LosAlamos-ThinMint",2026-05-02,0.506078627702345,0.50685527278548,0.000579236639059899,0.000576561741983977,0.310701785225312,0.310791276686777,0.000351146000288137,0.000349681906937706,1,1,4
"LosAlamos-ThinMint",2026-05-09,0.542660541796848,0.543993552542689,0.000568989072799138,0.000567037836824546,0.816999270628889,0.817530054805817,0.000633623052027373,0.000631496555606767,1,1,4
"LosAlamos-ThinMint",2026-05-16,0.54192231987233,0.542994312065073,0.000545647403299786,0.000543656841686174,0.584726875583192,0.585025841719394,0.000379985132170117,0.000378748329089906,1,1,4
"LosAlamos-ThinMint",2026-05-23,0.663049070542665,0.664338439867391,0.000613902126669244,0.000611787354422208,9.52978133367953,9.53427425985299,0.000915409180501525,0.000912696972441566,1,1,4
"MOBS-EpyStrain_Flu",2025-12-13,1.08031940104573,1.07899653988619,0.0109018717945547,0.0107247952472793,0.845051111265741,0.843907684388159,0.0128764092944492,0.0126784687425256,0,0,4
"MOBS-EpyStrain_Flu",2026-01-10,2.90685914808708,2.88159866102875,0.00993625429803434,0.00956293874284132,2.97427080825425,2.95172249471666,0.0160344044093854,0.0154464680327031,0.25,0.75,4
"MOBS-EpyStrain_Flu",2026-01-24,1.70727938049676,1.71372229472535,0.0189371634788365,0.0184060779836098,1.59719304485042,1.60524907236731,0.0258148974147096,0.0251361506817024,0,0,4
"MOBS-EpyStrain_Flu",2026-01-31,1.06720655389146,1.06798682395832,0.00460400246663147,0.00444068480393995,1.13294973963801,1.13433762487714,0.00752770292095985,0.00726431528124526,1,1,4
"MOBS-EpyStrain_Flu",2026-02-07,1.20414697137348,1.20909592446798,0.00504072132511481,0.00488212267777258,1.37595725548429,1.38047569071226,0.0092358301323385,0.00894300066673709,0.5,1,4
"MOBS-EpyStrain_Flu",2026-02-14,0.416484638634181,0.418113813358217,0.00337881696768781,0.00328229520692814,0.263007366128092,0.264715940913115,0.00350201036985558,0.00341177042703061,1,1,4
"MOBS-EpyStrain_Flu",2026-02-21,0.307243405347041,0.308266817009455,0.00281029549524472,0.00273899020202061,0.146417965306139,0.146984446556946,0.0019829051963439,0.00193302660815049,1,1,4
"MOBS-EpyStrain_Flu",2026-03-07,0.247646257525881,0.249166651129224,0.00148489130434783,0.00146389527026559,0.206275070498286,0.207576691674657,0.0022,0.00216985182996171,0.5,1,4
"MOBS-EpyStrain_Flu",2026-03-14,0.484901811098857,0.486437498730117,0.00144119565217391,0.00142300284921407,0.318054253525374,0.319163337606345,0.00165,0.00163084389313609,1,1,4
"MOBS-EpyStrain_Flu",2026-03-21,0.879753103232886,0.883844198419871,0.00239891304347826,0.00237808082989166,0.926856218280297,0.930131898332641,0.0043,0.0042618712538228,0,1,4
"MOBS-EpyStrain_Flu",2026-03-28,0.574859446979648,0.578056014713487,0.00214434782608696,0.00213089685884653,0.533900389377473,0.536428574250766,0.003475,0.00345294283692778,0,1,4
"MOBS-EpyStrain_Flu",2026-04-04,0.877001805564626,0.881211800523123,0.00216423913043478,0.00215359698170108,0.917427465116897,0.921076226730636,0.00385,0.00383177348490956,0,1,4
"MOBS-EpyStrain_Flu",2026-04-11,1.5694643140902,1.57603752260712,0.00278152173913043,0.00277037680711419,1.47864101963308,1.48314652791098,0.00405,0.00403440298733421,0,0,4
"MOBS-EpyStrain_Flu",2026-04-18,1.52192062816948,1.52835296320801,0.00265,0.00264155440660831,1.49459786230345,1.4994342287687,0.0039,0.00388864707081064,0,0.25,4
"MOBS-EpyStrain_Flu",2026-04-25,2.51989400283287,2.52904467272889,0.00265119565217391,0.00264378651500384,5.16984316784653,5.18085145796692,0.003925,0.00391529905636902,0,0,4
"MOBS-EpyStrain_Flu",2026-05-02,2.25770359391972,2.26615754086288,0.00236666666666667,0.00236054943256493,3.32175528179459,3.32929626670893,0.00346666666666667,0.00345839726541288,0,0.333333333333333,3
"MOBS-EpyStrain_Flu",2026-05-09,2.1056820986364,2.11333136824972,0.00217326086956522,0.00216833662391938,4.25824748085198,4.26644525541166,0.003225,0.00321829105670437,0,0.75,4
"MOBS-EpyStrain_Flu",2026-05-16,1.23562842757689,1.23955194603577,0.00124663043478261,0.00124352588611531,4.3126559252015,4.31888350475672,0.002325,0.00231949803068079,0,1,4
"MOBS-EpyStrain_Flu",2026-05-23,1.43520719255346,1.43946202132302,0.00128978260869565,0.00128666463092039,27.8981509013088,27.9324051102739,0.0025,0.00249438147290317,0,1,4
"NAU-vulPES",2025-11-22,0.8094998765835,0.808064451018066,0.00105587636783793,0.00104801716995424,0.812722498675207,0.811921167554389,0.00162501016264444,0.00161534578599219,0.25,1,4
"NAU-vulPES",2025-11-29,0.365606934512887,0.36481492332436,0.00118315122959363,0.00117063069434802,0.241947884230584,0.240954748025035,0.0016597397029147,0.00163920062668804,0.75,1,4
"NAU-vulPES",2025-12-06,0.376972464992289,0.375502627399652,0.0026725796548892,0.00262443007214294,0.363571932731914,0.361718682274014,0.0045342197804219,0.0044510891082046,0.5,1,4
"NAU-vulPES",2025-12-13,0.517848132574032,0.516093781241325,0.00534670848318556,0.00524772166103974,0.569728620156846,0.567550160669604,0.0087882009042975,0.00863048337120525,0,0.75,4
"NAU-vulPES",2025-12-20,0.423919670281357,0.422313392678126,0.00417510519955957,0.00408994108972975,0.442373766464336,0.440570439534737,0.00638262918339999,0.00625453586746781,0.25,0.75,4
"NAU-vulPES",2025-12-27,1.07236241117619,1.06060846832124,0.00839453464269407,0.00812371202892879,1.13729749875997,1.12459613754704,0.013632135286185,0.0131880195800781,0,1,4
"NAU-vulPES",2026-01-03,2.20053405661106,2.19276541019584,0.00491436594534464,0.00476343905624324,2.38779644523045,2.38139254967367,0.00831533433265069,0.00806453740670884,0.25,1,4
"NAU-vulPES",2026-01-10,0.888050476815529,0.887763817712089,0.00348670573205349,0.00338557273852613,0.89748921671306,0.897267516062488,0.00619189555985083,0.00600776540147456,0.5,1,4
"NAU-vulPES",2026-01-17,0.984684496301814,0.985056840984221,0.00913487929792158,0.00885828148990475,1.07421826941003,1.07486852776726,0.0149554735777234,0.0145143379192384,0.25,1,4
"NAU-vulPES",2026-01-24,1.02006793871031,1.02058565160231,0.0109741968595867,0.0106294347023592,1.09519665208482,1.09603707844995,0.0174766447889726,0.016939335886499,0,0.75,4
"NAU-vulPES",2026-01-31,0.93056331777036,0.931239731965393,0.00390993625758278,0.00377134684745987,0.994551794192604,0.994555398892345,0.0064057815500954,0.00617249101913781,0.5,1,4
"NAU-vulPES",2026-02-07,0.827231496113869,0.827683047646066,0.00341529273891761,0.003294947474992,0.748349461043739,0.747552321801988,0.00480134108998464,0.00462665189468809,0.75,1,4
"NAU-vulPES",2026-02-14,0.503686264581792,0.504042506525318,0.00432095305039042,0.00418296718094517,0.559509553748485,0.561438222661245,0.00745718305471846,0.00723511591824116,0.25,1,4
"NAU-vulPES",2026-02-21,0.392093839804199,0.392650042499973,0.00369057065733852,0.00358928586826461,0.476994267613259,0.478587664633369,0.00686036628196378,0.00668271705211736,0.5,1,4
"NAU-vulPES",2026-02-28,0.357741567275012,0.359165058884839,0.00206039174968077,0.00202070234399542,0.152448984555166,0.153262535707937,0.00142144508726304,0.00139604851915125,1,1,4
"NAU-vulPES",2026-03-07,0.295976585100734,0.297332745241252,0.00174018439789524,0.00171284284294913,0.16590043448099,0.166612194256944,0.00165031260273775,0.0016244310387083,1,1,4
"NAU-vulPES",2026-03-14,0.580375844045779,0.583133365727583,0.00174821046173311,0.00172874200293208,0.62107920591174,0.623591732338772,0.00324155275648138,0.00320595967302792,1,1,4
"NAU-vulPES",2026-03-21,0.544596022440789,0.546700426070662,0.00146992624013799,0.00145591907465036,0.596795692388316,0.598532648916086,0.00278424033699875,0.00275792306977394,0.75,1,4
"NAU-vulPES",2026-03-28,0.252153454659475,0.253089639199419,0.000930145311929204,0.000922606180346758,0.0592156956701998,0.059485654679484,0.000566523989569133,0.000562913568014635,1,1,4
"NAU-vulPES",2026-04-04,0.320830269782123,0.32196706089383,0.000802581675066416,0.000797659595131269,0.208143962364122,0.208812035301141,0.000932261079264965,0.00092720606238483,1,1,4
"NAU-vulPES",2026-04-11,0.420282481098554,0.421643626208209,0.0007683813214567,0.000764620376902809,0.409876069502212,0.410674962681079,0.00122612306232863,0.00122025903942776,1,1,4
"NAU-vulPES",2026-04-18,0.343776927643766,0.344769835622571,0.000616327676629498,0.00061358245543496,0.286681373773786,0.287204445297491,0.000803206928354136,0.000799797594463789,1,1,4
"NAU-vulPES",2026-04-25,0.727362532056685,0.729467853085833,0.000780253587300399,0.000777518271653131,1.96470578713552,1.9666948390975,0.00152470674823792,0.00151928115319487,0.5,1,4
"NAU-vulPES",2026-05-02,0.481198260755427,0.482556228281021,0.000562342700514165,0.000560477295816772,0.780837523025054,0.781650076187823,0.000916341343666219,0.000913230944459929,1,1,4
"NAU-vulPES",2026-05-09,0.519630920706997,0.5210568217898,0.000554250122065159,0.000552519198014176,1.10919759025413,1.11009570443501,0.000870050236276159,0.000867275953879637,1,1,4
"NAU-vulPES",2026-05-16,0.51805457969094,0.519458480553484,0.000542343111649565,0.000540759440383158,1.52394167026598,1.52513965701211,0.000894958350761847,0.000892275294697965,0.75,1,4
"NAU-vulPES",2026-05-23,0.658189562424346,0.659900591945677,0.000608049982284653,0.000606371531343092,11.9155404609812,11.9223566778416,0.00112252380402855,0.00111930305089557,0.5,1,4
"NEU_ISI-FluBcast",2025-12-27,0.702857891980809,0.696892808861838,0.0047372337572199,0.00459485419333779,0.717039623377498,0.713079532725349,0.00758481745589392,0.0073836771574259,0.25,1,4
"NEU_ISI-FluBcast",2026-01-03,5.82634635031669,5.76546368834289,0.0136575081441637,0.0131335751405738,5.35877082424841,5.30857372907051,0.0194747755213246,0.0187474361328204,0,0.5,4
"NEU_ISI-FluBcast",2026-01-10,2.45544001025792,2.43075991253566,0.00875124820044788,0.00840589772923692,2.59735881607737,2.57647494718252,0.0144165393047542,0.013875815738217,0,0.5,4
"NEU_ISI-FluBcast",2026-01-17,0.458588694768268,0.457362861079817,0.00428529077222793,0.00414180359290973,0.561359199438593,0.559410083101795,0.0078981039427429,0.00763134496727729,0.25,1,4
"NEU_ISI-FluBcast",2026-01-24,1.27803677962497,1.2777543809988,0.0139231480477799,0.0134764280243076,1.02908770854233,1.02942879852827,0.0166436981288453,0.0161261802124989,0,0,4
"NEU_ISI-FluBcast",2026-01-31,1.98049249878042,1.98605806542859,0.00823492137267392,0.00796034239701139,1.91046908529115,1.91805410593408,0.0126936038637639,0.0122825674055963,0,0.5,4
"NEU_ISI-FluBcast",2026-02-07,0.884670890411984,0.885707886622441,0.00357071956856037,0.0034475194423508,0.827712162688376,0.827706927761634,0.00538831369001618,0.00519878825673759,0.75,0.75,4
"NEU_ISI-FluBcast",2026-02-14,0.772038255857535,0.772900761880358,0.00643661948134634,0.00623484713791715,0.764044453237114,0.764627446584748,0.0095561928787903,0.00924777910974798,0,0.25,4
"NEU_ISI-FluBcast",2026-02-21,0.484966896917976,0.486997651863458,0.00488758288599637,0.00476754355806196,0.465754644714167,0.467636409058619,0.00701010514080295,0.00683336373851448,0,0.5,4
"NEU_ISI-FluBcast",2026-02-28,0.712600332465665,0.714048907034204,0.00405885430587165,0.0039715547452146,0.654341112657973,0.655345165364208,0.00618824596736072,0.00605341702182058,0,0.5,4
"NEU_ISI-FluBcast",2026-03-07,0.689137911399192,0.690109952414692,0.00389770740203007,0.003823388538095,0.653917418191353,0.654680519338225,0.0061973382669292,0.00607933006488471,0,0.5,4
"NEU_ISI-FluBcast",2026-04-04,0.369329591982502,0.369859627019238,0.000871871111622928,0.000864650430618281,0.361117618780114,0.361269603020777,0.00144986347580937,0.00143783082113603,0.25,1,4
"NEU_ISI-FluBcast",2026-04-11,0.212195036872125,0.21273898437684,0.000376201454926287,0.000374108176971047,0.243158663164602,0.243502354497536,0.0006751562996144,0.000671493430228731,0.5,1,4
"NEU_ISI-FluBcast",2026-04-18,0.310828119761376,0.31165928726827,0.000558577863799806,0.000556015965265898,0.328751371501757,0.329204269731083,0.00089409784823855,0.00088998151392511,0.25,0.75,4
"NEU_ISI-FluBcast",2026-04-25,0.941227987087549,0.944031658575728,0.00109447308533119,0.00109079179180503,1.77036960103715,1.77238881657246,0.00143433539060082,0.00142947773558479,0,0.25,4
"NEU_ISI-FluBcast",2026-05-02,0.785600955842531,0.788043764838103,0.00100620636355876,0.00100320299361179,1.0641265164333,1.06565467362449,0.00132080092308535,0.00131689049536664,0.25,0.25,4
"NEU_ISI-FluBcast",2026-05-09,1.20542957094895,1.20912878438905,0.00132988484789379,0.00132617101503588,2.1346948317707,2.13734388640509,0.00166408009140535,0.00165949864494357,0,0.25,4
"NEU_ISI-FluBcast",2026-05-16,1.32797656360807,1.3318687042259,0.00140350879317307,0.00139970438501435,3.12229472859921,3.12588348183262,0.00172495215255577,0.00172039583005281,0,0.25,4
"NEU_ISI-FluBcast",2026-05-23,1.54936753934221,1.5535413786351,0.00143330721979769,0.00142948339096736,18.9544245053406,18.9707164092309,0.00174642793777165,0.00174190828303652,0,0,4
"UGA_flucast-Copycat",2025-11-29,0.411499734976361,0.410903012862593,0.00131128820927228,0.00129837938216462,0.313642096626798,0.3126356204428,0.00193058940728803,0.00190852178957342,0.75,1,4
"UGA_flucast-Copycat",2025-12-06,0.316770745314342,0.315539237613171,0.00216975636919123,0.00213065002194995,0.298586735552755,0.296893256750683,0.00367266955811262,0.00360276036533452,0.5,1,4
"UGA_flucast-Copycat",2025-12-13,0.42669234919732,0.42523434303995,0.00424003366981696,0.00416138579188916,0.472988317162186,0.47101603360069,0.00706081860585011,0.00693123307333084,0,0.75,4
"UGA_flucast-Copycat",2025-12-20,0.417306287286257,0.414646211813634,0.00424070218914629,0.00414148033792485,0.439675536218743,0.436649868216108,0.00659983771614927,0.00644608885966604,0.25,0.75,4
"UGA_flucast-Copycat",2025-12-27,1.07236241117619,1.06060846832124,0.00839453464269407,0.00812371202892879,1.13729749875997,1.12459613754704,0.013632135286185,0.0131880195800781,0,1,4
"UGA_flucast-Copycat",2026-01-03,7.7818814417806,7.70204935877006,0.0178040956379934,0.0171295187089411,6.76713385083267,6.68790750135125,0.0244772642576604,0.0235039338358124,0,0.25,4
"UGA_flucast-Copycat",2026-01-10,1.12899125707233,1.12605599559312,0.00389479593705465,0.00377279640267012,0.9322937117983,0.932316936472616,0.0048705522010576,0.00472968837997289,0.5,0.75,4
"UGA_flucast-Copycat",2026-01-17,0.974836789677287,0.974767711552827,0.00907590732626151,0.00879749586579645,1.02295782758236,1.02318113841214,0.0143514566918686,0.0139230178385352,0,0.75,4
"UGA_flucast-Copycat",2026-01-24,1.0850482928061,1.08517156202595,0.0115987479025144,0.0112299609119229,1.05458034563508,1.05505254717969,0.0168438336220374,0.0163206571332098,0,0.25,4
"UGA_flucast-Copycat",2026-01-31,0.773171694164704,0.772695261084429,0.00323873788247632,0.00311969378589087,0.817765859296036,0.81721113503349,0.00530050440657676,0.0051042871505334,0.5,1,4
"UGA_flucast-Copycat",2026-02-07,0.853025456969647,0.852959619447897,0.00361066843874128,0.00348176863690677,0.860444571689412,0.860358699521752,0.00595372159834192,0.00574481597350993,0.75,0.75,4
"UGA_flucast-Copycat",2026-02-14,0.753605591574908,0.753687102326967,0.00650377486082645,0.00629130036256252,0.887170704656061,0.887895940582259,0.0117694840837699,0.0113879066443202,0,1,4
"UGA_flucast-Copycat",2026-02-21,0.443591702678216,0.444387037570972,0.00418317407468618,0.00406978345449057,0.587444253942677,0.589001164358593,0.00847091930780997,0.00824551937444767,0.25,1,4
"UGA_flucast-Copycat",2026-02-28,0.394713481063252,0.397612893207303,0.00237529801832044,0.00233804824175776,0.241038259985382,0.242763887864935,0.00266339453853767,0.00262288391040263,1,1,4
"UGA_flucast-Copycat",2026-03-07,0.352583307620797,0.355401430749043,0.00218070940200419,0.00215414231568061,0.302307843117692,0.304577248896247,0.00334441477713409,0.00330324386566282,1,1,4
"UGA_flucast-Copycat",2026-03-14,1.09550809419544,1.10292125853716,0.00334689907149048,0.00331674037246625,1.29191090756685,1.29993155355637,0.006890667451083,0.00683094581995879,0,1,4
"UGA_flucast-Copycat",2026-03-21,0.999108659873027,1.00449712181315,0.0027371330715425,0.00271553215321127,1.16743241715313,1.17315656361468,0.00562392432739833,0.00558266796871808,0,1,4
"UGA_flucast-Copycat",2026-03-28,0.352338020410785,0.354397278835914,0.00134885108596255,0.00134085696816814,0.357123303165488,0.358921992874969,0.00248347047618918,0.00246869410848849,1,1,4
"UGA_flucast-Copycat",2026-04-04,0.527900585374151,0.530539631609622,0.00133929954214389,0.00133305633527637,0.608884130626651,0.61122637196354,0.00268301488962089,0.0026702776924687,0.5,1,4
"UGA_flucast-Copycat",2026-04-11,0.660377956565479,0.663076546327169,0.00121948474176124,0.0012145645751235,0.835620422437082,0.837831439725369,0.00245278512628419,0.00244271324017841,0.25,1,4
"UGA_flucast-Copycat",2026-04-18,0.440421724824297,0.441930701278522,0.000805744692597204,0.000802595344452058,0.425177513869942,0.426137836451678,0.00122897671055679,0.0012242966443557,1,1,4
"UGA_flucast-Copycat",2026-04-25,0.997309125639961,1.00053613899546,0.00107387466617763,0.00107048272040015,2.73785822285667,2.74157848554337,0.00214111004004485,0.00213426476832614,0.25,1,4
"UGA_flucast-Copycat",2026-05-02,0.588676789826289,0.590436980297116,0.000695603990229901,0.000693413567605039,0.906924681556638,0.907974873862913,0.00107536318159648,0.00107184597845648,1,1,4
"UGA_flucast-Copycat",2026-05-09,0.627012701657352,0.628742669574625,0.000667468721993691,0.000665383203026306,1.14974739144705,1.15066059717247,0.000884422782271876,0.000881576966919857,1,1,4
"UGA_flucast-Copycat",2026-05-16,0.56401943262696,0.565543271010511,0.000583643718445191,0.000581927748525222,1.35886645496586,1.35983379203026,0.000789168449429034,0.000786736556717119,1,1,4
"UGA_flucast-Copycat",2026-05-23,0.663237923065559,0.66487954940653,0.000611426933476431,0.000609656812891299,9.45057777233387,9.45481480120138,0.000889442110999808,0.000886775188102424,1,1,4
"UGA_flucast-INFLAenza",2025-11-22,0.809499876583501,0.808064451018066,0.00105587636783793,0.00104801716995424,0.81272249867521,0.811921167554389,0.00162501016264445,0.00161534578599219,0.25,1,4
"UGA_flucast-INFLAenza",2025-11-29,0.346840513765226,0.345918084678257,0.00110873039450828,0.00109644902861882,0.287028596281514,0.285919432264449,0.00169866987335207,0.00167832597288926,0.75,1,4
"UGA_flucast-INFLAenza",2025-12-06,0.436210688292179,0.43462424252863,0.00317763495444442,0.00312144311887484,0.428330662740234,0.42643391152811,0.00539577000273118,0.00530122966160431,0.5,1,4
"UGA_flucast-INFLAenza",2025-12-13,0.625008648113549,0.623208613427646,0.00669349976471184,0.00657351582372805,0.663749714348244,0.661754656185627,0.0105155832027449,0.010336912211683,0,0.75,4
"UGA_flucast-INFLAenza",2025-12-20,0.704350314277447,0.702946989632357,0.00752905326330267,0.00739064243111216,0.757649655644523,0.756160881285683,0.0119014022433201,0.0116907313629358,0,0.75,4
"UGA_flucast-INFLAenza",2026-01-10,1.5939304396505,1.59806337066734,0.00658258412032202,0.00640864233326724,1.73589905680532,1.74171979624864,0.0112010768227781,0.0109104790383662,0.5,1,4
"UGA_flucast-INFLAenza",2026-01-17,1.00609216139225,1.00691794590986,0.00928632453967147,0.00900882777353271,1.12522661233799,1.12633541580225,0.0155594904635781,0.015106027412858,0.25,1,4
"UGA_flucast-INFLAenza",2026-01-24,0.995563487375565,0.996455647540769,0.0107482943612822,0.0104145877231792,1.1358083425629,1.13704249788811,0.0181094559559079,0.0175584066307544,0,1,4
"UGA_flucast-INFLAenza",2026-01-31,1.15108369061884,1.15366540092502,0.00487967081652493,0.00471411407121747,1.35412690125843,1.35656437639063,0.00893993306342179,0.00863129216644027,0.5,1,4
"UGA_flucast-INFLAenza",2026-02-07,0.951833145468798,0.953587413010545,0.00392151421318232,0.00378829878971393,0.900740228237202,0.900600460083746,0.00577116212623252,0.00556624076095931,0.75,1,4
"UGA_flucast-INFLAenza",2026-02-14,0.379749590862323,0.379760485178979,0.00313112818783878,0.00302896260143287,0.260181300984745,0.261719978950575,0.00342120893517471,0.00332789910605357,1,1,4
"UGA_flucast-INFLAenza",2026-02-21,0.358389505503207,0.358582570128631,0.00333571500436592,0.00324129161069632,0.366518786636537,0.36795620791703,0.0052498132561176,0.00511710139336914,1,1,4
"UGA_flucast-INFLAenza",2026-02-28,0.367150504663949,0.36751521241512,0.00204452898725604,0.00199857737278456,0.213919413164246,0.214742242590493,0.00197732252426356,0.00193845844700175,1,1,4
"UGA_flucast-INFLAenza",2026-03-07,0.309072793443397,0.309576985700267,0.00176538722642003,0.00173216926592124,0.220692315744155,0.221281574258128,0.00202576475441834,0.00199009783589553,1,1,4
"UGA_flucast-INFLAenza",2026-03-14,0.406364359271566,0.40703570113019,0.00122539626144754,0.001207924585754,0.17056153062154,0.171058943909965,0.000923091656735206,0.00091195536515621,1,1,4
"UGA_flucast-INFLAenza",2026-03-21,0.389255127621903,0.389923235111637,0.00105467409514381,0.00104225536287522,0.203533222104352,0.203676127029923,0.000953732302491109,0.000942639589375358,1,1,4
"UGA_flucast-INFLAenza",2026-03-28,0.28856517513942,0.289112115487449,0.00103957199199394,0.00102918873322478,0.2236434497118,0.224196997433798,0.00141022038361545,0.00139793884591561,1,1,4
"UGA_flucast-INFLAenza",2026-04-04,0.315912140409202,0.316425153066488,0.000776903607131863,0.000770634917491711,0.208739073430913,0.209004291804691,0.000879591392089014,0.000873087666833545,1,1,4
"UGA_flucast-INFLAenza",2026-04-11,0.300753656429397,0.301354946117881,0.000529617923736297,0.000526345634049922,0.126691783188682,0.126824717360797,0.000329371216167888,0.000327430149302614,1,1,4
"UGA_flucast-INFLAenza",2026-04-18,0.263654024701122,0.264250897657469,0.000457429151826473,0.000455095867841691,0.145012413717275,0.145190819341175,0.00037743714615148,0.00037560071625291,1,1,4
"UGA_flucast-INFLAenza",2026-04-25,0.474018019913246,0.475209661175057,0.000503212123125119,0.000501253599278584,1.19017310437528,1.19093089332052,0.000908303456430989,0.000904713618183817,1,1,4
"UGA_flucast-INFLAenza",2026-05-02,0.379770949105805,0.380776130910028,0.000437986088583563,0.00043645513077172,0.654177650733588,0.654779601798792,0.000757319505735949,0.00075465209365613,1,1,4
"UGA_flucast-INFLAenza",2026-05-09,0.44432939588553,0.445531147597452,0.000481896238227082,0.000480378586856709,1.06588544155156,1.06677412886807,0.000855677690280434,0.000852983270881861,0.75,1,4
"UGA_flucast-INFLAenza",2026-05-16,0.527837170087617,0.529256189831201,0.000570132790427558,0.00056845933589526,1.68814018380455,1.68959600446734,0.00100074825209465,0.000997834083077145,0.5,1,4
"UGA_flucast-INFLAenza",2026-05-23,0.804349799547496,0.806450392070058,0.000755456027468625,0.000753380556936173,14.3804622529307,14.3904618214104,0.00135560549705728,0.00135189054151617,0.25,1,4
"UGuelph-CompositeCurve",2025-12-13,2.02145446121684,2.02889233838612,0.019875,0.0196517478214932,1.33855959621637,1.34219464235657,0.019875,0.0196517478214932,0,0,4
"UGuelph-CompositeCurve",2026-01-10,8.36672329436906,8.48020902155031,0.03025,0.0297797749705788,5.35343227377283,5.42814875824592,0.03025,0.0297797749705788,0,0,4
"UGuelph-CompositeCurve",2026-01-24,3.81147960164013,3.8595663895233,0.0401,0.0393103192711668,2.57753755470572,2.6089955258902,0.0401,0.0393103192711668,0,0,4
