"model_id","target_end_date","wis_scaled_relative_skill","wis","ae_median_scaled_relative_skill","ae_median","interval_coverage_50","interval_coverage_95","n"
"CFA_Pyrenew-Pyrenew_E_Flu",2025-11-22,0.539006694291774,0.00132110306420177,0.508202954835512,0.0019819915238585,0,0,1
"CFA_Pyrenew-Pyrenew_E_Flu",2025-11-29,0.45682637623757,0.00242166273179696,0.383426608182944,0.00378097475652299,0.5,1,2
"CFA_Pyrenew-Pyrenew_E_Flu",2025-12-06,0.297910348338295,0.000883970938637069,0.223626136963533,0.00144813189940316,0.5,1,2
"CFA_Pyrenew-Pyrenew_E_Flu",2025-12-13,0.883319682848353,0.00861274431065631,0.734125092840663,0.010524342568739,0,0,2
"CFA_Pyrenew-Pyrenew_E_Flu",2025-12-20,0.616504441748546,0.0171264166455474,0.619904850137167,0.0203833549387321,0,0.5,2
"CFA_Pyrenew-Pyrenew_E_Flu",2025-12-27,0.145102756322487,0.00460753793012785,0.22460473733112,0.00836593657393457,0.5,1,2
"CFA_Pyrenew-Pyrenew_E_Flu",2026-01-03,1.47573963252546,0.0235658635731527,1.15983785018504,0.0287746743526903,0,0,2
"CFA_Pyrenew-Pyrenew_E_Flu",2026-01-10,0.410566884489006,0.0134277391232982,0.447268303232211,0.0188568803117016,0,0.5,2
"CFA_Pyrenew-Pyrenew_E_Flu",2026-01-17,0.13140360109851,0.00161789389579514,0.0601501451844772,0.0012880516773518,0.5,1,2
"CFA_Pyrenew-Pyrenew_E_Flu",2026-01-24,0.617491536605687,0.00358194584633188,0.873943508720974,0.00676587471291726,0,1,2
"CFA_Pyrenew-Pyrenew_E_Flu",2026-01-31,0.5778433196801,0.00177467421795822,0.183802408274073,0.000727750212342341,1,1,2
"CFA_Pyrenew-Pyrenew_E_Flu",2026-02-07,2.34777330927509,0.00222906416255968,2.547878823679,0.00180800446637361,0.5,1,2
"CFA_Pyrenew-Pyrenew_E_Flu",2026-02-14,1.28185987367808,0.00194277868996088,1.49290307861487,0.00323429195227184,1,1,2
"CFA_Pyrenew-Pyrenew_E_Flu",2026-02-21,1.68027644785134,0.00201257391030259,4.95930115406442,0.00327056630303368,1,1,2
"CFA_Pyrenew-Pyrenew_E_Flu",2026-02-28,0.572147718429571,0.00188582866278992,0.573471522685341,0.00319831232658174,0.5,1,2
"CFA_Pyrenew-Pyrenew_E_Flu",2026-03-07,0.594568742918405,0.00173947310002235,0.590890923580456,0.00308254892000147,0.5,1,2
"CFA_Pyrenew-Pyrenew_E_Flu",2026-03-14,0.575600407372552,0.00192224488836963,0.629565535564792,0.00335532350882316,0,1,2
"CFA_Pyrenew-Pyrenew_E_Flu",2026-03-21,0.406710014346106,0.00158458553258992,0.409697529034871,0.00291078241345047,0,1,2
"CFA_Pyrenew-Pyrenew_E_Flu",2026-03-28,0.398741592893066,0.00107519780929509,0.497772253115616,0.00205821429406818,0.5,1,2
"CFA_Pyrenew-Pyrenew_E_Flu",2026-04-04,0.56186957532676,0.00137382426040934,0.723434668855726,0.00240023092107485,0,1,2
"CFA_Pyrenew-Pyrenew_E_Flu",2026-04-11,0.33107343634179,0.000932080611354933,0.380077025032841,0.00164574423040309,0.5,1,2
"CFA_Pyrenew-Pyrenew_E_Flu",2026-04-18,0.172635809763112,0.000433811005795872,0.142751401728187,0.000617060612872077,1,1,2
"CFA_Pyrenew-Pyrenew_E_Flu",2026-04-25,0.135655960488243,0.000244402392163887,0.0656073907114887,0.000164881115244698,0.5,1,2
"CFA_Pyrenew-Pyrenew_E_Flu",2026-05-02,0.181738040425752,0.00022140649255942,0.249918304412914,0.00038867497277992,1,1,2
"CFA_Pyrenew-Pyrenew_E_Flu",2026-05-09,0.166183447701925,0.000165780790125649,0.0888960327173423,8.22092915845852e-05,1,1,2
"CFA_Pyrenew-Pyrenew_E_Flu",2026-05-16,0.196868761109559,0.000186178328501365,0.309297552714931,0.000223985239659444,1,1,2
"CFA_Pyrenew-Pyrenew_E_Flu",2026-05-23,0.134064388221359,0.000123542019303328,0.157155950778477,0.000100775987097013,1,1,2
"CFA_Pyrenew-Pyrenew_E_Flu",2026-05-30,0.128931506303231,0.000137963763426233,Inf,5.08881728931039e-05,1,1,1
"CFA_Pyrenew-Pyrenew_HE_Flu",2025-11-22,0.549837131718944,0.00134764841924691,0.510463683614279,0.00199080836609569,0,0,1
"CFA_Pyrenew-Pyrenew_HE_Flu",2025-11-29,0.497974079222215,0.00264115073748791,0.425907575167837,0.00399576110443066,0.5,0.5,2
"CFA_Pyrenew-Pyrenew_HE_Flu",2025-12-06,0.282745530046584,0.000838621723958195,0.179837364335723,0.00133417249673187,0.5,1,2
"CFA_Pyrenew-Pyrenew_HE_Flu",2025-12-13,0.89120621705485,0.00873541386431791,0.737667270930198,0.0106121075089223,0,0,2
"CFA_Pyrenew-Pyrenew_HE_Flu",2025-12-20,0.609254290801435,0.0169157847344537,0.617266072588403,0.0203016221687484,0,0.5,2
"CFA_Pyrenew-Pyrenew_HE_Flu",2025-12-27,0.140302852211553,0.00445789776071379,0.21636217883879,0.0080547556705801,0.5,1,2
"CFA_Pyrenew-Pyrenew_HE_Flu",2026-01-03,1.48046547066826,0.0237312266654253,1.17062340152899,0.0291366422718971,0,0,2
"CFA_Pyrenew-Pyrenew_HE_Flu",2026-01-10,0.457321925960154,0.0130428203126326,0.497053691897539,0.0186422778712846,0,0.5,2
"CFA_Pyrenew-Pyrenew_HE_Flu",2026-01-17,0.169594049723273,0.00205405017290416,0.212711694799267,0.0034554645754839,0.5,1,2
"CFA_Pyrenew-Pyrenew_HE_Flu",2026-01-24,0.597865735082117,0.00384887382323003,0.78330115207319,0.00663720205385201,0,1,2
"CFA_Pyrenew-Pyrenew_HE_Flu",2026-01-31,0.754824640436662,0.00230674529434234,0.897413115174682,0.00354614441398726,1,1,2
"CFA_Pyrenew-Pyrenew_HE_Flu",2026-02-07,3.69113205323081,0.00350449941083648,7.19967298818821,0.00510897174469147,0.5,0.5,2
"CFA_Pyrenew-Pyrenew_HE_Flu",2026-02-14,1.59030696920071,0.00241025915055307,2.10540624139566,0.00456124617890589,0.5,1,2
"CFA_Pyrenew-Pyrenew_HE_Flu",2026-02-21,1.69158473481123,0.00202611856441876,5.12063365756524,0.00337696206992543,1,1,2
"CFA_Pyrenew-Pyrenew_HE_Flu",2026-02-28,0.589368625662482,0.00199874372938884,0.545185242807302,0.00315410570479646,0.5,1,2
"CFA_Pyrenew-Pyrenew_HE_Flu",2026-03-07,0.927944381559324,0.00272006264135854,1.12434788244147,0.00502317438983398,0.5,1,2
"CFA_Pyrenew-Pyrenew_HE_Flu",2026-03-14,1.14219825848769,0.00381442531270063,1.18416657666942,0.00631111731600283,0,1,2
"CFA_Pyrenew-Pyrenew_HE_Flu",2026-03-21,0.34981329371301,0.00136290984921151,0.351908417904717,0.00250020749794429,0,1,2
"CFA_Pyrenew-Pyrenew_HE_Flu",2026-03-28,0.372617027131986,0.00100475350056046,0.419573420689117,0.00173487374289793,0.5,1,2
"CFA_Pyrenew-Pyrenew_HE_Flu",2026-04-04,0.827170729501551,0.00202251067790749,1.00012775751574,0.00331825066168243,0,1,2
"CFA_Pyrenew-Pyrenew_HE_Flu",2026-04-11,0.345658178841934,0.000973141458326523,0.406349581585087,0.00175950514073452,0.5,1,2
"CFA_Pyrenew-Pyrenew_HE_Flu",2026-04-18,0.182479177780257,0.000458513103228175,0.154026488150126,0.000666789972618053,1,1,2
"CFA_Pyrenew-Pyrenew_HE_Flu",2026-04-25,0.138906654857382,0.000251121950217341,0.0775015714217215,0.000197346373814473,0.5,1,2
"CFA_Pyrenew-Pyrenew_HE_Flu",2026-05-02,0.182848363391612,0.000222759168712983,0.240658399384229,0.000374273893421514,1,1,2
"CFA_Pyrenew-Pyrenew_HE_Flu",2026-05-09,0.164012513905965,0.000163615116438037,0.131375114332491,0.000121493105496158,1,1,2
"CFA_Pyrenew-Pyrenew_HE_Flu",2026-05-16,0.210299811196598,0.000198880041262342,0.328328040984362,0.000237766624085054,1,1,2
"CFA_Pyrenew-Pyrenew_HE_Flu",2026-05-23,0.131171483853386,0.000120876171556492,0.125839413786985,8.06943108248473e-05,1,1,2
"CFA_Pyrenew-Pyrenew_HE_Flu",2026-05-30,0.133044714678646,0.000142365121352619,Inf,6.22275006288812e-05,1,1,1
"CMU-TimeSeries",2025-12-06,0.838729037454418,0.00126600177588684,2.0494724433064,0.00205085704252529,1,1,1
"CMU-TimeSeries",2025-12-13,0.615960868171299,0.00574305624834363,0.693747411615391,0.00958690254524653,0,1,2
"CMU-TimeSeries",2025-12-20,0.686690833553678,0.0200653947841801,0.820214721542054,0.029569185358042,0,0.333333333333333,3
"CMU-TimeSeries",2025-12-27,0.625562295717789,0.0321252019283739,0.779926110937503,0.0452173708950477,0.25,0.25,4
"CMU-TimeSeries",2026-01-03,0.816227127687616,0.0169091948853105,1.0992397718814,0.0295013665887692,0.5,1,4
"CMU-TimeSeries",2026-01-10,0.692218645298275,0.0180676503914809,0.80590177861334,0.0306695671591298,0.5,0.75,4
"CMU-TimeSeries",2026-01-17,0.475435130965234,0.0185862275960316,0.429596530362369,0.030848702773567,0.25,0.75,4
"CMU-TimeSeries",2026-01-24,0.945670387074057,0.0121296378895699,1.11177391750992,0.0205361565662742,0,1,4
"CMU-TimeSeries",2026-01-31,1.40208294969402,0.00786985670844861,1.63884550062238,0.0133970423786073,0.25,1,4
"CMU-TimeSeries",2026-02-07,3.24081285372352,0.00715731774275047,4.88369253141108,0.011529065579024,0.5,1,4
"CMU-TimeSeries",2026-02-14,2.61754282913768,0.00639980665590607,3.42881598308769,0.0114508599861829,0.25,1,4
"CMU-TimeSeries",2026-02-21,2.08710775372841,0.00369273198502457,6.92934555869553,0.00665947905464845,0.5,1,4
"CMU-TimeSeries",2026-02-28,0.632661116996946,0.00268994429860854,0.53904501499188,0.00384030478176251,1,1,4
"CMU-TimeSeries",2026-03-07,0.803627874904753,0.00246402331286241,0.616339591475297,0.00264143483536913,0.75,1,4
"CMU-TimeSeries",2026-03-14,0.376267095602815,0.0019207137648248,0.235365596474228,0.00181712639448428,0.75,1,4
"CMU-TimeSeries",2026-03-21,0.301037212726004,0.00155162878508143,0.179471694705128,0.00142087279424059,0.75,1,4
"CMU-TimeSeries",2026-03-28,0.289032390895515,0.00124573699789001,0.167210291986922,0.00131814810410822,1,1,4
"CMU-TimeSeries",2026-04-04,0.267041908534556,0.0010997857546356,0.157872018698175,0.00125759653073464,0.75,1,4
"CMU-TimeSeries",2026-04-11,0.268651497346808,0.000960318991174151,0.243944098429657,0.00149347030574539,0.5,1,4
"CMU-TimeSeries",2026-04-18,0.360760782675522,0.00138298784556191,0.330683781949116,0.00231781689599787,0,1,3
"CMU-TimeSeries",2026-04-25,0.383995138251751,0.00119947522043112,0.306934502800378,0.00193831256111479,0.333333333333333,1,3
"CMU-TimeSeries",2026-05-02,0.295958685069878,0.000620266230871509,0.280754323464914,0.000935976408336335,0.666666666666667,1,3
"CMU-TimeSeries",2026-05-09,0.16107428310709,0.000197705713494273,0.102877675695177,0.000152363874051691,1,1,3
"CMU-TimeSeries",2026-05-16,0.156703204616982,0.000207447089921065,0.176643077562029,0.000228039262251688,1,1,4
"CMU-TimeSeries",2026-05-23,0.162868821276512,0.000192386727055314,0.277262138088963,0.000262688854974823,1,1,4
"CMU-TimeSeries",2026-05-30,0.158656887144717,0.000224064032151088,0.334135208830832,0.000356312547025114,0.666666666666667,1,3
"CU-ensemble",2025-11-29,0.980132955623469,0.00214647826086957,1.28942460764508,0.0043,0,1,1
"CU-ensemble",2025-12-06,0.619002931960437,0.00160986956521739,0.301095850414564,0.0015,1,1,2
"CU-ensemble",2025-12-13,0.440806757706202,0.00450176811594203,0.582139905759416,0.00866666666666667,0,1,3
"CU-ensemble",2025-12-20,0.532819394143358,0.0172005217391304,0.721849003433535,0.027725,0,1,4
"CU-ensemble",2025-12-27,0.649657848059174,0.0418482898550725,0.770528635641514,0.0561,0,0,3
"CU-ensemble",2026-01-03,0.814200499117164,0.0211994347826087,1.03008803322099,0.034,0,0.5,2
"CU-ensemble",2026-01-10,0.722372168832002,0.00509608695652174,0.716559877994451,0.0056,1,1,1
"CU-ensemble",2026-03-07,1.1020355354725,0.00182704347826087,1.50206776825155,0.0034,1,1,1
"CU-ensemble",2026-03-14,0.37453004578309,0.00125076086956522,0.234539804399369,0.00125,1,1,2
"CU-ensemble",2026-03-21,0.297835614740047,0.00125597101449275,0.201429793388045,0.00136666666666667,1,1,3
"CU-ensemble",2026-03-28,0.310691929779299,0.00124172826086957,0.140383498920409,0.000975,1,1,4
"CU-ensemble",2026-04-04,0.30369185026654,0.00112540217391304,0.134098792946775,8e-04,1,1,4
"CU-ensemble",2026-04-11,0.258525909524847,0.000924554347826087,0.0457167280020641,0.000375,1,1,4
"CU-ensemble",2026-04-18,0.244204288562702,0.000791923913043478,0.0693216594289511,0.000375,1,1,4
"CU-ensemble",2026-04-25,0.265191907143879,0.000712891304347826,0.109264922399567,0.000525,1,1,4
"CU-ensemble",2026-05-02,0.308205468004543,0.000607771739130435,0.13775635204222,4e-04,1,1,4
"CU-ensemble",2026-05-09,0.372738204400324,0.000540510869565217,0.290942565520587,0.000425,1,1,4
"CU-ensemble",2026-05-16,0.366126397423433,0.000473086956521739,0.395302254023864,0.000475,1,1,4
"CU-ensemble",2026-05-23,0.355450025450204,0.00041904347826087,0.326142244234841,0.000325,1,1,4
"CU-ensemble",2026-05-30,0.306208568833296,0.000417405797101449,0,0.000266666666666667,1,1,3
"FluSight-baseline",2025-11-22,1,0.00245099565217391,1,0.0039,0,1,1
"FluSight-baseline",2025-11-29,1,0.00421059859696749,1,0.00695,0,1,2
"FluSight-baseline",2025-12-06,1,0.00399229599148383,1,0.0069,0,1,3
"FluSight-baseline",2025-12-13,1,0.0117188703348876,1,0.017725,0,1,4
"FluSight-baseline",2025-12-20,1,0.0324906676092114,1,0.039025,0,0,4
"FluSight-baseline",2025-12-27,1,0.0516321198275282,1,0.058225,0,0,4
"FluSight-baseline",2026-01-03,1,0.0226629267860184,1,0.0288,0,0.25,4
"FluSight-baseline",2026-01-10,1,0.0161955759320952,1,0.021875,0,0.5,4
"FluSight-baseline",2026-01-17,1,0.0206881425424972,1,0.0272,0,0.5,4
"FluSight-baseline",2026-01-24,1,0.0155629816847109,1,0.020975,0,0.5,4
"FluSight-baseline",2026-01-31,1,0.00632905851862867,1,0.009475,0.5,0.75,4
"FluSight-baseline",2026-02-07,1,0.00211427149332635,1,0.00255,1,1,4
"FluSight-baseline",2026-02-14,1,0.00240213172251994,1,0.003225,0.75,1,4
"FluSight-baseline",2026-02-21,1,0.00173424326733322,1,0.000849999999999998,0.75,1,4
"FluSight-baseline",2026-02-28,1,0.00404644768750242,1,0.0067,0.25,1,4
"FluSight-baseline",2026-03-07,1,0.00359747725113773,1,0.006025,0.25,1,4
"FluSight-baseline",2026-03-14,1,0.00528782663287828,1,0.009075,0,1,4
"FluSight-baseline",2026-03-21,1,0.0054216225451923,1,0.009325,0,1,4
"FluSight-baseline",2026-03-28,1,0.00425421780482968,1,0.007425,0,1,4
"FluSight-baseline",2026-04-04,1,0.00402026850813943,1,0.007,0,1,4
"FluSight-baseline",2026-04-11,1,0.00370757284046917,1,0.006525,0,1,4
"FluSight-baseline",2026-04-18,1,0.00336505110503442,1,0.00595,0,1,4
"FluSight-baseline",2026-04-25,1,0.00284209989162718,1,0.004925,0.25,1,4
"FluSight-baseline",2026-05-02,1,0.00213248025874063,1,0.003375,0.75,1,4
"FluSight-baseline",2026-05-09,1,0.00159418938366449,1,0.002,1,1,4
"FluSight-baseline",2026-05-16,1,0.00136119968687622,1,0.00135,1,1,4
"FluSight-baseline",2026-05-23,1,0.00123985078195782,1,0.001025,1,1,4
"FluSight-baseline",2026-05-30,1,0.00140531905143689,1,0.00106666666666667,1,1,3
"FluSight-ensemble",2025-11-22,1.07830447068203,0.00264291956936134,0.925327614402087,0.00360877769616814,0,0,1
"FluSight-ensemble",2025-11-29,0.922208461889942,0.00389244593173312,0.833928043022461,0.00575636879759924,0,0.5,2
"FluSight-ensemble",2025-12-06,0.522593031000895,0.00224293880767167,0.423897020172232,0.00339331742271865,0.333333333333333,1,3
"FluSight-ensemble",2025-12-13,0.65708288510804,0.00752638708544458,0.686408107226918,0.0120015021686369,0,1,4
"FluSight-ensemble",2025-12-20,0.675331415669973,0.0210115898909943,0.787976924309937,0.0297038204006635,0,0,4
"FluSight-ensemble",2025-12-27,0.644953409633893,0.0332075102063188,0.771725004937847,0.0447081485673798,0.25,0.25,4
"FluSight-ensemble",2026-01-03,0.699053589661853,0.0151934150147815,0.838992503730467,0.0235736490595718,0.25,0.75,4
"FluSight-ensemble",2026-01-10,0.655352231018895,0.01246624888415,0.8183517300581,0.0209710326982091,0.25,0.75,4
"FluSight-ensemble",2026-01-17,0.661300431175498,0.0164695504917323,0.895499665650329,0.0285908450719592,0.25,0.75,4
"FluSight-ensemble",2026-01-24,0.702217967219499,0.00999401365541778,0.822525168103332,0.0172501785757344,0.5,1,4
"FluSight-ensemble",2026-01-31,0.925476608330779,0.004980096818674,0.799868819444135,0.00593529321720273,0.75,1,4
"FluSight-ensemble",2026-02-07,1.96393179453946,0.00377057398663573,2.70674725570574,0.00499411108338659,0.75,1,4
"FluSight-ensemble",2026-02-14,1.99396176229479,0.00483441248088982,2.79606605150585,0.00929932549227228,0.25,1,4
"FluSight-ensemble",2026-02-21,1.84267776164723,0.00323384988128517,5.78274940727096,0.0055329577428773,0.75,1,4
"FluSight-ensemble",2026-02-28,0.480717684525746,0.00204190994123806,0.377703559845537,0.00260895985827987,1,1,4
"FluSight-ensemble",2026-03-07,0.601610215232366,0.00183052756377394,0.508011315157395,0.00215759664906299,1,1,4
"FluSight-ensemble",2026-03-14,0.296364581914022,0.00147060869312651,0.190574561940312,0.00163417554600509,1,1,4
"FluSight-ensemble",2026-03-21,0.275587047240342,0.00143244044987963,0.192991962500229,0.00169684671328745,1,1,4
"FluSight-ensemble",2026-03-28,0.278076768122959,0.00111280326484019,0.109528747810604,0.000776171765719453,1,1,4
"FluSight-ensemble",2026-04-04,0.253373951869758,0.000976951112349816,0.096870863085894,0.000706095624961547,1,1,4
"FluSight-ensemble",2026-04-11,0.268402547471055,0.000961628859369374,0.18978785073832,0.00115487048500177,1,1,4
"FluSight-ensemble",2026-04-18,0.29612784818101,0.000979645400767798,0.25165298818285,0.00154489610950067,0.75,1,4
"FluSight-ensemble",2026-04-25,0.319584737539097,0.000899016530811174,0.276207424341244,0.0014500718141682,0.5,1,4
"FluSight-ensemble",2026-05-02,0.31476415726968,0.000654358221883842,0.263896516480912,0.000943474328647424,0.75,1,4
"FluSight-ensemble",2026-05-09,0.303966293163526,0.000459867410709585,0.274968318437819,0.000475240081096528,1,1,4
"FluSight-ensemble",2026-05-16,0.283625171326986,0.000375338673765172,0.118914050935695,0.000152897564087217,1,1,4
"FluSight-ensemble",2026-05-23,0.27602967546657,0.000330891685171449,0.150245603654314,0.000146746470716776,1,1,4
"FluSight-ensemble",2026-05-30,0.2256751172856,0.000314578794110173,0,0.000123094672945843,1,1,3
"FluSight-trained_mean",2025-11-22,1.07830447068203,0.00264291956936134,0.925327614402087,0.00360877769616814,0,0,1
"FluSight-trained_mean",2025-11-29,0.733213394157233,0.00483878268843148,0.62923284203588,0.00665264705836817,0,0,1
"FluSight-trained_mean",2025-12-06,0.545271772282694,0.00415958491942752,0.468628918142391,0.00617735488336014,0,1,1
"FluSight-trained_mean",2025-12-13,0.589591855429383,0.0102660322551595,0.661068107277666,0.0175287506099246,0,1,1
"FluSight-trained_med",2025-11-22,1.07830447068203,0.00264291956936134,0.925327614402087,0.00360877769616814,0,0,1
"FluSight-trained_med",2025-11-29,0.733213394157233,0.00483878268843148,0.62923284203588,0.00665264705836817,0,0,1
"FluSight-trained_med",2025-12-06,0.545271772282694,0.00415958491942752,0.468628918142391,0.00617735488336014,0,1,1
"FluSight-trained_med",2025-12-13,0.589591855429383,0.0102660322551595,0.661068107277666,0.0175287506099246,0,1,1
"LosAlamos-DoSiDo",2025-11-22,0.84941126961057,0.00208190332872303,0.778650608609243,0.00303673737357605,0,1,1
"LosAlamos-DoSiDo",2025-11-29,1.34375300283358,0.0056332758599394,1.05968306960699,0.00729033545916353,0,0.5,2
"LosAlamos-DoSiDo",2025-12-06,1.41157630573407,0.005221415785792,1.15694323516454,0.00730412301014122,0,1,3
"LosAlamos-DoSiDo",2025-12-13,1.13942062587515,0.0136897669153663,1.01675052447737,0.0183336848118129,0,1,4
"LosAlamos-DoSiDo",2025-12-20,0.952040060623677,0.0318372440996854,1.00586897017019,0.0402551808451478,0,0,4
"LosAlamos-DoSiDo",2025-12-27,0.888847817629846,0.0464978203373275,1.01518236460832,0.0597311812005964,0,0.25,4
"LosAlamos-DoSiDo",2026-01-03,0.883518942675696,0.0206707479934032,1.07270267979992,0.0316276832526671,0.25,1,4
"LosAlamos-DoSiDo",2026-01-10,0.857398575720208,0.0134751431711924,1.16815711491903,0.0231581144000017,0.75,1,4
"LosAlamos-DoSiDo",2026-01-17,1.00816752328587,0.0176280505937672,1.44098167511685,0.0304876239890378,1,1,4
"LosAlamos-DoSiDo",2026-01-24,1.98498181264807,0.0227119905374963,2.61321705638592,0.0426976547244076,1,1,4
"LosAlamos-DoSiDo",2026-01-31,4.0484139132001,0.0244341069739427,5.14604518141656,0.0484281508927983,1,1,4
"LosAlamos-DoSiDo",2026-02-07,7.38786325271205,0.0185782645363459,10.3409329439,0.0355981787314037,1,1,4
"LosAlamos-DoSiDo",2026-02-14,4.01974119350263,0.0109704763439431,4.91153019679781,0.019066750604862,1,1,4
"LosAlamos-DoSiDo",2026-02-21,1.56167731841779,0.002905322530329,1.54394051950238,0.00154774108059292,1,1,4
"LosAlamos-DoSiDo",2026-02-28,0.973799294429159,0.00395005934839433,0.728542625097919,0.0047323385601902,0.5,0.75,4
"LosAlamos-DoSiDo",2026-03-07,0.941414579054973,0.00321770909954928,0.79707266710892,0.00461224206947266,0.5,0.75,4
"LosAlamos-DoSiDo",2026-03-14,0.841731168148321,0.00500343102262336,0.784903583351875,0.00747488340398748,0,0.75,4
"LosAlamos-DoSiDo",2026-03-21,0.852497533742652,0.00513025180672104,0.761510680466727,0.00741825035215436,0,0.75,4
"LosAlamos-DoSiDo",2026-03-28,0.611620271042868,0.00268436659349924,0.598678866084466,0.00461025466830654,0.25,1,4
"LosAlamos-DoSiDo",2026-04-04,0.569830548509569,0.00240675824898974,0.539171844179154,0.00401952305694976,0.5,1,4
"LosAlamos-DoSiDo",2026-04-11,0.529056686368143,0.00196619351734101,0.556939013946026,0.00362479085312365,0,1,4
"LosAlamos-DoSiDo",2026-04-18,0.564116568575687,0.00188079885229759,0.586683453995546,0.00344185720998625,0.25,1,4
"LosAlamos-DoSiDo",2026-04-25,0.54719547093802,0.0015892367392047,0.554026373160753,0.00280030911710208,0.5,1,4
"LosAlamos-DoSiDo",2026-05-02,0.478984096830784,0.00105436963541278,0.487955978639009,0.00175437119884114,0.75,1,4
"LosAlamos-DoSiDo",2026-05-09,0.373128949638697,0.000594276334586433,0.386065842510693,0.000708194271927728,1,1,4
"LosAlamos-DoSiDo",2026-05-16,0.284017053032632,0.000389223550547812,0.205256596859736,0.000292230352372239,1,1,4
"LosAlamos-DoSiDo",2026-05-23,0.248541983394091,0.000304559190209548,0.272876840482061,0.000237695289267393,1,1,4
"LosAlamos-DoSiDo",2026-05-30,0.235779042410486,0.000328385089198322,0.427903947833633,0.000420624817683907,1,1,3
"LosAlamos-ThinMint",2025-11-22,2.01529497109032,0.00493947921199032,1.43491253906559,0.00559615890235581,0,0,1
"LosAlamos-ThinMint",2025-11-29,1.45784820840165,0.00624248093429797,1.17835373263287,0.0081665027679034,0,0.5,2
"LosAlamos-ThinMint",2025-12-06,1.34896569713356,0.00563617372618141,1.19645688787676,0.0080641674989131,0,0.666666666666667,3
"LosAlamos-ThinMint",2025-12-13,1.04321847306255,0.0130942733649997,1.00887469600488,0.0180940720975758,0,0.5,4
"LosAlamos-ThinMint",2025-12-20,0.716192099791256,0.0241247692419842,0.858217847617599,0.0340300042924331,0,0.25,4
"LosAlamos-ThinMint",2025-12-27,0.602367056005196,0.0320512162822975,0.752155958545434,0.0445350886602112,0.25,0.5,4
"LosAlamos-ThinMint",2026-01-03,0.740386061088104,0.0159609806774246,0.921901152862304,0.0255749044848236,0.25,0.75,4
"LosAlamos-ThinMint",2026-01-10,0.559933958002416,0.0104714754819527,0.690129273999878,0.0173850614007931,0.5,1,4
"LosAlamos-ThinMint",2026-01-17,0.576436068574819,0.0142217512467618,0.692826934943386,0.0218825131819381,0.5,0.75,4
"LosAlamos-ThinMint",2026-01-24,0.851648938563713,0.0108035246872518,1.05266697892566,0.0183966315761951,0.5,1,4
"LosAlamos-ThinMint",2026-01-31,1.20705569062273,0.00638024178751581,1.24009934196708,0.0093069739161282,0.75,1,4
"LosAlamos-ThinMint",2026-02-07,2.75713386859547,0.00533561170776751,3.35364257471536,0.00661043626215945,1,1,4
"LosAlamos-ThinMint",2026-02-14,2.1291727127137,0.00517569654614449,2.50026224274918,0.00829053402128768,1,1,4
"LosAlamos-ThinMint",2026-02-21,2.45920305237171,0.00414090668040998,4.38865090552181,0.00410493930921295,1,1,4
"LosAlamos-ThinMint",2026-02-28,0.972240523075215,0.0039805215269045,0.547252184317215,0.00344825609338663,1,1,4
"LosAlamos-ThinMint",2026-03-07,1.16620834905092,0.00362462689617986,0.816172021249058,0.003617912079237,1,1,4
"LosAlamos-ThinMint",2026-03-14,0.698954673536867,0.00353986130400667,0.424786968383559,0.00440957961870948,0.75,1,4
"LosAlamos-ThinMint",2026-03-21,0.531914702748057,0.00280890872323526,0.36388367956899,0.0033790063226969,1,1,4
"LosAlamos-ThinMint",2026-03-28,0.522610106580057,0.00210434870977346,0.326715775541786,0.0022722086801089,1,1,4
"LosAlamos-ThinMint",2026-04-04,0.482351058762662,0.00183254726114389,0.238506862193181,0.00168808893007688,1,1,4
"LosAlamos-ThinMint",2026-04-11,0.370209827824689,0.00132481441628706,0.163399164482338,0.000962484122647202,1,1,4
"LosAlamos-ThinMint",2026-04-18,0.383917516099437,0.00127167859179567,0.25180076851336,0.00154871316836138,1,1,4
"LosAlamos-ThinMint",2026-04-25,0.446506745115763,0.00123005291526245,0.388584789858309,0.00187196738511635,0.75,1,4
"LosAlamos-ThinMint",2026-05-02,0.459548089848036,0.000921688107081307,0.39856508585925,0.00121634757168047,1,1,4
"LosAlamos-ThinMint",2026-05-09,0.500595638506021,0.000748870750888451,0.5183377337278,0.000841359317670453,1,1,4
"LosAlamos-ThinMint",2026-05-16,0.453883350956797,0.000593683263954485,0.346470698983961,0.000438947704047348,1,1,4
"LosAlamos-ThinMint",2026-05-23,0.466635972359506,0.000546985624911268,0.281001148542721,0.000278508078829307,1,1,4
"LosAlamos-ThinMint",2026-05-30,0.422630502081355,0.000574974678051165,0.31547761174303,0.000310378995253136,1,1,3
"MOBS-EpyStrain_Flu",2025-12-13,0.161428393114355,0.00168912238957042,0.224395938249661,0.00330497062013473,0,1,1
"MOBS-EpyStrain_Flu",2025-12-20,0.346388895727864,0.0135965707352586,0.438714418125672,0.0195881227158302,0,0,1
"MOBS-EpyStrain_Flu",2025-12-27,0.280133290754669,0.0256998477856105,0.391580016033234,0.0370561056087146,0,0,1
"MOBS-EpyStrain_Flu",2026-01-03,0.120975956351606,0.00408439015416007,0.0153161377983268,0.000621697971818519,1,1,1
"MOBS-EpyStrain_Flu",2026-01-10,2.33953138643155,0.0223915718086237,2.78891988278865,0.0383371363675175,0,1,1
"MOBS-EpyStrain_Flu",2026-01-17,1.32074063029149,0.0222767388340995,2.27906396332059,0.0406417926253775,0,1,1
"MOBS-EpyStrain_Flu",2026-01-24,1.54351197349224,0.0118207502004148,1.89173958976139,0.021944597350888,0.5,1,2
"MOBS-EpyStrain_Flu",2026-01-31,2.1521788050243,0.0111711559054302,2.16381198951625,0.0163602080815169,0.333333333333333,0.666666666666667,3
"MOBS-EpyStrain_Flu",2026-02-07,7.69265241597787,0.0128263460926565,11.6506621017393,0.0189344406299306,0,0.666666666666667,3
"MOBS-EpyStrain_Flu",2026-02-14,6.30104227870554,0.015577007943326,6.77179809478131,0.0226682192182423,0,0.75,4
"MOBS-EpyStrain_Flu",2026-02-21,6.34124609465232,0.0111792342976092,20.1128286231117,0.018841211005027,0,1,4
"MOBS-EpyStrain_Flu",2026-02-28,2.26572013690396,0.0112675552031156,2.28968682620383,0.0175474268697486,0,0.666666666666667,3
"MOBS-EpyStrain_Flu",2026-03-07,4.82053965763229,0.0127783418901374,4.57690844214061,0.0175161845053396,0,0,3
"MOBS-EpyStrain_Flu",2026-03-14,2.60458776239543,0.0113101131096581,1.89259557728147,0.0141733959126401,0,0,3
"MOBS-EpyStrain_Flu",2026-03-21,1.98404551429117,0.00824898550724638,1.48057163024399,0.0103666666666667,0,0,3
"MOBS-EpyStrain_Flu",2026-03-28,1.87712505734271,0.00760967391304348,1.38701993664969,0.0095,0,0,4
"MOBS-EpyStrain_Flu",2026-04-04,1.65452654972943,0.0062020652173913,1.24379864322332,0.0079,0,0.25,4
"MOBS-EpyStrain_Flu",2026-04-11,1.08426471739298,0.00377782608695652,0.949219174979215,0.00575,0,1,4
"MOBS-EpyStrain_Flu",2026-04-18,0.823047105018201,0.00262717391304348,0.792656544396502,0.00445,0,1,4
"MOBS-EpyStrain_Flu",2026-04-25,0.806771885504768,0.00209467391304348,0.747652444432214,0.0033,0,1,4
"MOBS-EpyStrain_Flu",2026-05-02,1.04962368752732,0.0019925,0.908390994423873,0.0026,0,1,4
"MOBS-EpyStrain_Flu",2026-05-09,1.37123574254497,0.00192869565217391,2.00710118344766,0.0032,0,0.5,4
"MOBS-EpyStrain_Flu",2026-05-16,1.15489905261417,0.00149891304347826,2.02219461187903,0.00245,0,1,4
"MOBS-EpyStrain_Flu",2026-05-23,0.784366857482771,0.000865217391304348,1.88602409395143,0.00163333333333333,0,1,3
"MOBS-EpyStrain_Flu",2026-05-30,0.516521424719012,0.000743623188405797,1.30656601351155,0.00133333333333333,0.666666666666667,1,3
"NAU-vulPES",2025-11-22,1.07830447068203,0.00264291956936134,0.92532761440209,0.00360877769616815,0,0,1
"NAU-vulPES",2025-11-29,0.764252328180349,0.00332046428479037,0.68745459446463,0.00484540507683589,0,0.5,2
"NAU-vulPES",2025-12-06,0.351999101238689,0.00165083571742773,0.262845164991528,0.0024531822930021,0.666666666666667,1,3
"NAU-vulPES",2025-12-13,0.52574388085358,0.005709404003752,0.539910483367971,0.00897517100223279,0,0.75,4
"NAU-vulPES",2025-12-20,0.658109751184406,0.0200367370369168,0.695507222973415,0.025869003214674,0,0,4
"NAU-vulPES",2025-12-27,0.738846994930229,0.0375641795437618,0.770537583531812,0.0442837434482129,0,0,4
"NAU-vulPES",2026-01-03,0.659961084647562,0.0143312466788811,0.759950857105364,0.0211432280995514,0,0.25,4
"NAU-vulPES",2026-01-10,0.841240155120983,0.0172891888748334,0.710882384362305,0.0228460603876611,0.25,0.25,4
"NAU-vulPES",2026-01-17,0.928992810204249,0.0230715506002455,1.0251999992444,0.0327184100339862,0,0.25,4
"NAU-vulPES",2026-01-24,0.78154306463865,0.0121281944014385,0.839288027702707,0.0181366486518564,0.25,0.75,4
"NAU-vulPES",2026-01-31,0.848133426656736,0.00473671391953563,0.920585592237807,0.00714623340812902,0.5,1,4
"NAU-vulPES",2026-02-07,1.4441173831247,0.00277694353584158,1.95375372804437,0.0034295566927182,0.75,1,4
"NAU-vulPES",2026-02-14,1.90953263816912,0.0046182043630797,2.60015758194058,0.00864938225606843,0,1,4
"NAU-vulPES",2026-02-21,1.73909275999435,0.00305231715979361,5.82745577248453,0.00556504848040921,0.25,1,4
"NAU-vulPES",2026-02-28,0.413475290356369,0.00175945321477217,0.342429949849657,0.00236844404997914,1,1,4
"NAU-vulPES",2026-03-07,0.519887458927087,0.00159432502819952,0.388834947527354,0.00167084996001361,0.75,1,4
"NAU-vulPES",2026-03-14,0.27949549672359,0.00141337966208314,0.188351003058019,0.00176028735191729,1,1,4
"NAU-vulPES",2026-03-21,0.274017790046472,0.00144106362965557,0.24098083182603,0.00215263664831386,1,1,4
"NAU-vulPES",2026-03-28,0.262129805747794,0.00107462257954498,0.136488227667019,0.00100264356056754,1,1,4
"NAU-vulPES",2026-04-04,0.271419934464739,0.00105148001811171,0.184863778810234,0.00128520515881283,1,1,4
"NAU-vulPES",2026-04-11,0.325117736855823,0.00115213193525957,0.312936408825273,0.00190665712590222,0.75,1,4
"NAU-vulPES",2026-04-18,0.398333234059526,0.00127252744596428,0.407060497149468,0.00226580975439987,0.25,1,4
"NAU-vulPES",2026-04-25,0.466428458532206,0.00126069786434736,0.50975908276287,0.00235185039424076,0.25,1,4
"NAU-vulPES",2026-05-02,0.473247637748279,0.00101749853632717,0.523493040359159,0.00176219502665632,0.5,1,4
"NAU-vulPES",2026-05-09,0.438078212258382,0.00073025933215746,0.477113226676929,0.00110799683430957,0.75,1,4
"NAU-vulPES",2026-05-16,0.345353483876895,0.000470616932317089,0.298359469485563,0.000452440350664976,1,1,4
"NAU-vulPES",2026-05-23,0.290350413442913,0.000343205725380333,0.0612949248680811,6.19629997913888e-05,1,1,4
"NAU-vulPES",2026-05-30,0.266417342680438,0.000361234888065092,0.122757236125502,0.00013094517808958,1,1,3
"NEU_ISI-FluBcast",2026-01-03,0.629650911045249,0.010237330126628,0.598994940190791,0.0155014947856761,1,1,1
"NEU_ISI-FluBcast",2026-01-10,0.905418547941898,0.0189783901508393,1.24465619587788,0.0358830018221942,0,1,2
"NEU_ISI-FluBcast",2026-01-17,1.18446280214499,0.0219827462178033,1.54560815444465,0.0380089725803301,0,0.666666666666667,3
"NEU_ISI-FluBcast",2026-01-24,1.17150437347972,0.0151582001821851,1.44881173064942,0.0267875598431349,0.25,1,4
"NEU_ISI-FluBcast",2026-01-31,1.8753623130191,0.0106151426057953,2.31429229391662,0.0184387255042134,0.5,1,4
"NEU_ISI-FluBcast",2026-02-07,3.17091165490506,0.00578665396490839,5.80683859417126,0.0103986787614505,0.25,1,4
"NEU_ISI-FluBcast",2026-02-14,3.27842909402506,0.00807059013922694,4.35076049180636,0.0147070557571688,0.25,1,4
"NEU_ISI-FluBcast",2026-02-21,3.57004093491221,0.00642193454405082,11.0366436222487,0.0110436496722007,0.5,1,4
"NEU_ISI-FluBcast",2026-02-28,0.854928810659973,0.00376891208617711,0.669462403745035,0.00534669781832818,0.75,1,4
"NEU_ISI-FluBcast",2026-03-07,1.05035889470211,0.00319180770079648,1.27278891648506,0.00575396169931097,0.5,1,4
"NEU_ISI-FluBcast",2026-03-14,0.471658346269598,0.00222232300513857,0.447418366535107,0.00363412432247695,0.75,1,4
"NEU_ISI-FluBcast",2026-03-21,0.319851985853034,0.00163603326009049,0.227373792373401,0.00222724233306725,0.75,1,4
"NEU_ISI-FluBcast",2026-03-28,0.371311926764251,0.00152520179843234,0.277257971426778,0.00219409999392682,0.75,1,4
"NEU_ISI-FluBcast",2026-04-04,0.293807762301116,0.00109264135750718,0.200551113767776,0.00133970532410005,1,1,4
"NEU_ISI-FluBcast",2026-04-11,0.227776279895381,0.000792235094934214,0.0414616113309259,0.00028565911894775,1,1,4
"NEU_ISI-FluBcast",2026-04-18,0.20696255417594,0.000658119881050787,0.0359996041156813,0.000190927174574175,1,1,4
"NEU_ISI-FluBcast",2026-04-25,0.208208726743413,0.000543921982910142,0.0426443767862676,0.00019290507932525,1,1,4
"NEU_ISI-FluBcast",2026-05-02,0.25134214097191,0.000477058940254107,0.167142400806914,0.00046075626750265,1,1,4
"NEU_ISI-FluBcast",2026-05-09,0.36506912873113,0.000517011156047591,0.561098852985779,0.000896014783708,1,1,4
"NEU_ISI-FluBcast",2026-05-16,0.393834317581658,0.000501254131521588,0.784659803033145,0.00094770316281825,0.75,1,4
"NEU_ISI-FluBcast",2026-05-23,0.398266135892109,0.000458513425549219,0.966567737023396,0.000891250948185675,0.25,1,4
"NEU_ISI-FluBcast",2026-05-30,0.309518785024265,0.000414257912136636,0.821533019348989,0.000807010278243467,0,1,3
"UGA_flucast-Copycat",2025-11-29,0.227994042176424,0.000499303948848627,0.196755734878401,0.000656145116946614,1,1,1
"UGA_flucast-Copycat",2025-12-06,0.729439717891363,0.00188340578610194,0.739613934251687,0.00320580887815679,0,1,2
"UGA_flucast-Copycat",2025-12-13,0.383238583898149,0.00318773857382725,0.351462268033359,0.00432738324018155,0.333333333333333,0.666666666666667,3
"UGA_flucast-Copycat",2025-12-20,0.660802722353589,0.0193664447116335,0.661870398126899,0.02380094391889,0,0,4
"UGA_flucast-Copycat",2025-12-27,0.73824256302433,0.037335743580643,0.748567482928908,0.0427889878618641,0,0,4
"UGA_flucast-Copycat",2026-01-03,0.74108635872358,0.0150611267788905,0.794605478019579,0.0209915642674934,0,0.5,4
"UGA_flucast-Copycat",2026-01-10,1.37666656804151,0.0255950973771923,1.33551899780754,0.0331665059476843,0,0.25,4
"UGA_flucast-Copycat",2026-01-17,1.26536133497764,0.0308153869235476,1.29974659812811,0.0410680637463315,0,0.25,4
"UGA_flucast-Copycat",2026-01-24,1.25959171423058,0.020560814978389,1.19874452038723,0.027920471830814,0.25,0.5,4
"UGA_flucast-Copycat",2026-01-31,1.29760132710036,0.00700204374842181,1.43158780691637,0.0108252157900747,0.25,1,4
"UGA_flucast-Copycat",2026-02-07,2.26851081537705,0.00429233995361014,3.62857417533942,0.0066179678671888,0.25,1,4
"UGA_flucast-Copycat",2026-02-14,2.76595715348919,0.00679671190232694,3.42577334691715,0.0116071461954637,0,0.75,4
"UGA_flucast-Copycat",2026-02-21,2.02736671863586,0.00373696588702503,6.47029563153484,0.00658581781176295,0.25,1,4
"UGA_flucast-Copycat",2026-02-28,0.505413974564933,0.00212418899977573,0.479494293224042,0.00321057486406678,0.75,1,4
"UGA_flucast-Copycat",2026-03-07,0.553988833333076,0.00172798045850169,0.520056997705448,0.00232130583341777,0.75,1,4
"UGA_flucast-Copycat",2026-03-14,0.335094617774693,0.00179083086699055,0.279643520568833,0.00292257907880498,1,1,4
"UGA_flucast-Copycat",2026-03-21,0.314423335758052,0.00170931487862077,0.295140813353957,0.00277017890560474,1,1,4
"UGA_flucast-Copycat",2026-03-28,0.309982215229459,0.00128238264645965,0.187289400122377,0.00134608078680968,1,1,4
"UGA_flucast-Copycat",2026-04-04,0.309104311745538,0.00121458002760631,0.150095191681889,0.00117193064338559,1,1,4
"UGA_flucast-Copycat",2026-04-11,0.33907469659384,0.00122507915511661,0.263690850279618,0.00160723829569141,1,1,4
"UGA_flucast-Copycat",2026-04-18,0.429042695525346,0.00137167932852124,0.389278435521766,0.0021255890399905,0.5,1,4
"UGA_flucast-Copycat",2026-04-25,0.54878539134596,0.00147204789569343,0.582677387285127,0.00265685417115954,0.5,1,4
"UGA_flucast-Copycat",2026-05-02,0.6359082465725,0.00135686384196878,0.728717313553803,0.00239435940489646,0.75,1,4
"UGA_flucast-Copycat",2026-05-09,0.671882693125328,0.00110526859547751,0.905100243459318,0.00181941163405858,0.75,1,4
"UGA_flucast-Copycat",2026-05-16,0.547858115859876,0.000741316960367741,0.703531528560972,0.000947122636001895,1,1,4
"UGA_flucast-Copycat",2026-05-23,0.470314303920413,0.000555523241880952,0.325235219487734,0.000355655544083264,1,1,4
"UGA_flucast-Copycat",2026-05-30,0.445089314043378,0.000603382221115209,0.388685617710659,0.000434598174156363,1,1,3
"UGA_flucast-INFLAenza",2025-11-22,1.07830447068203,0.00264291956936134,0.925327614402087,0.00360877769616814,0,0,1
"UGA_flucast-INFLAenza",2025-11-29,1.06642565932451,0.00446102774136111,0.876550803803582,0.00603641406601438,0,0,2
"UGA_flucast-INFLAenza",2025-12-06,0.608275977520693,0.00243586516747442,0.629872546058346,0.00424695780018082,0.333333333333333,1,3
"UGA_flucast-INFLAenza",2025-12-13,0.616035058823826,0.00707782330480721,0.645359737178428,0.0111434124702687,0,0.75,4
"UGA_flucast-INFLAenza",2025-12-20,0.654787483637143,0.0207538773281609,0.727840490043725,0.0279370625104579,0,0,4
"UGA_flucast-INFLAenza",2025-12-27,0.686621520869719,0.0438279873808425,0.735951263471212,0.0534132901117852,0,0,3
"UGA_flucast-INFLAenza",2026-01-03,0.980034328372424,0.0262212677138786,1.05965414137261,0.0355867769250879,0,0,2
"UGA_flucast-INFLAenza",2026-01-10,0.786125145937711,0.00739478081793884,1.01051122071607,0.0131963192058945,0,1,2
"UGA_flucast-INFLAenza",2026-01-17,0.601893545505245,0.00730768216462406,0.766732842167562,0.0124292955651032,0,1,2
"UGA_flucast-INFLAenza",2026-01-24,0.429470468796068,0.00363450751038787,0.497728553124137,0.00616794468768537,0.666666666666667,1,3
"UGA_flucast-INFLAenza",2026-01-31,0.564306625970488,0.00319237626193635,0.516860046079168,0.00452575337877119,0.75,1,4
"UGA_flucast-INFLAenza",2026-02-07,1.07252729475488,0.00209543315324588,0.851293234257826,0.00177803174492021,1,1,4
"UGA_flucast-INFLAenza",2026-02-14,1.30892911143382,0.00312495611548129,1.74975374006062,0.00569161831667315,0.5,1,4
"UGA_flucast-INFLAenza",2026-02-21,1.54013004739629,0.00257873039774691,5.06880081797737,0.00454427914905547,0.75,1,4
"UGA_flucast-INFLAenza",2026-02-28,0.366882599875474,0.00155334976871744,0.199025793370394,0.00152631323589149,1,1,4
"UGA_flucast-INFLAenza",2026-03-07,0.552242534896409,0.00169083941066636,0.558294193151299,0.00252811381379443,1,1,4
"UGA_flucast-INFLAenza",2026-03-14,0.243983150908751,0.00117930154168072,0.0861087664219221,0.000626961484185162,1,1,4
"UGA_flucast-INFLAenza",2026-03-21,0.23390536453333,0.0011808223592378,0.184831154881177,0.001535094391023,1,1,4
"UGA_flucast-INFLAenza",2026-03-28,0.223889521809284,0.000898995388774355,0.134696856688453,0.000923750159480687,1,1,4
"UGA_flucast-INFLAenza",2026-04-04,0.253146727022603,0.0009512339755369,0.234965400181749,0.00151291050028091,1,1,4
"UGA_flucast-INFLAenza",2026-04-11,0.352262231284113,0.0012297207017378,0.362181778549259,0.00220607595611304,0,1,4
"UGA_flucast-INFLAenza",2026-04-18,0.430744035848231,0.00139318634396012,0.42332429861038,0.00240603046880923,0,1,4
"UGA_flucast-INFLAenza",2026-04-25,0.434112836874423,0.00120188357821159,0.435535063084408,0.00204684661732198,0,1,4
"UGA_flucast-INFLAenza",2026-05-02,0.357813639577872,0.000765511676370691,0.417291969512997,0.00133461226602145,0,1,4
"UGA_flucast-INFLAenza",2026-05-09,0.242125380879648,0.000395004516489907,0.34689603616988,0.000659175466294973,0.5,1,4
"UGA_flucast-INFLAenza",2026-05-16,0.199743102223274,0.000269186340591322,0.346411816703409,0.000444886935495878,0.75,1,4
"UGA_flucast-INFLAenza",2026-05-23,0.159697871579308,0.000195064174742858,0.288728991246383,0.000289382706410432,1,1,4
"UGA_flucast-INFLAenza",2026-05-30,0.11200801826171,0.000158144122313518,0.13693608563523,0.000172707817977214,1,1,3
"UGuelph-CompositeCurve",2025-12-13,2.78106919228182,0.0291,1.97578815475187,0.0291,0,0,1
"UGuelph-CompositeCurve",2025-12-20,1.42411933480956,0.0559,1.25199011303956,0.0559,0,0,1
"UGuelph-CompositeCurve",2025-12-27,0.94068662171859,0.0863,0.911951076038623,0.0863,0,0,1
"UGuelph-CompositeCurve",2026-01-03,1.93116525513385,0.0652,1.60626579097545,0.0652,0,0,1
"UGuelph-CompositeCurve",2026-01-10,4.40916901016248,0.0422,3.06993245205973,0.0422,0,0,1
"UGuelph-CompositeCurve",2026-01-17,1.95057126899009,0.0329,1.84492857104998,0.0329,0,0,1
"UGuelph-CompositeCurve",2026-01-24,4.74667997472737,0.0354,3.17627306565661,0.0354,0,0,2
"UGuelph-CompositeCurve",2026-01-31,4.87693490742747,0.0341,3.18378063099128,0.0341,0,0,2
"UGuelph-CompositeCurve",2026-02-07,12.1917790878715,0.0335,10.3515072332827,0.0335,0,0,1
"UGuelph-CompositeCurve",2026-02-14,7.94853137769488,0.0358,5.83103849324888,0.0358,0,0,1
