"model_id","location","wis_scaled_relative_skill","wis_scaled_relative_skill__log","wis","wis__log","ae_median_scaled_relative_skill","ae_median_scaled_relative_skill__log","ae_median","ae_median__log","interval_coverage_50","interval_coverage_95","n"
"CFA_Pyrenew-Pyrenew_E_Flu","US",0.53671712856834,0.534446274672127,0.00356905776236343,0.00340672257962812,0.548401307946573,0.545566700268178,0.00483205153758923,0.00461568707999458,0.5,0.87037037037037,54
"CFA_Pyrenew-Pyrenew_HE_Flu","US",0.576853942261782,0.574891150149687,0.00380129157115698,0.00363299046216706,0.616271612645618,0.613787157087404,0.00538557242873805,0.00515364493629201,0.481481481481481,0.833333333333333,54
"CMU-TimeSeries","US",0.701727634637812,0.699190865743673,0.00649046952017604,0.00619309425993298,0.807888230938708,0.803940763097255,0.0102302556240408,0.00976816067696585,0.541666666666667,0.927083333333333,96
"CU-ensemble","US",0.672033488077174,0.667455127851953,0.00460342391304348,0.00440517870457004,0.70986728047083,0.70303345851825,0.0064265625,0.0061505336311641,0.796875,0.9375,64
"FluSight-baseline","US",1,1,0.00863877717298471,0.00830039276714811,1,1,0.0115037037037037,0.0110800286584882,0.333333333333333,0.833333333333333,108
"FluSight-ensemble","US",0.649346676635653,0.647278650823671,0.00555962432793561,0.00532081821070774,0.708754489934516,0.705468711339004,0.00828453588239948,0.00793461493525866,0.657407407407407,0.888888888888889,108
"FluSight-trained_mean","US",0.755579419644004,0.754866266824141,0.00536704724939929,0.00528235933159914,0.803569696385135,0.801558349536795,0.00836688256195527,0.00823564433691188,0,0.5,4
"FluSight-trained_med","US",0.755579419644004,0.754866266824141,0.00536704724939929,0.00528235933159914,0.803569696385135,0.801558349536795,0.00836688256195527,0.00823564433691188,0,0.5,4
"LosAlamos-DoSiDo","US",1.10149332862347,1.09401756313605,0.00963001861793554,0.00918767302036031,1.25522962138438,1.24294227469691,0.0150311420950218,0.0143231302618355,0.537037037037037,0.888888888888889,108
"LosAlamos-ThinMint","US",0.807417352207607,0.807862137236414,0.0064759836467327,0.00622595967342179,0.815066432695275,0.814893059760527,0.00908105941705218,0.00874297338046999,0.731481481481482,0.888888888888889,108
"MOBS-EpyStrain_Flu","US",1.34776171622202,1.35817264772757,0.00719844945324749,0.00702637505903472,1.51063225079656,1.51897058464267,0.010683622793357,0.010431433332249,0.08,0.68,75
"NAU-vulPES","US",0.685999370238473,0.682649171252883,0.00604310363016433,0.00577077551880774,0.699102280787235,0.694976742314376,0.00828035420371084,0.00791479135695107,0.527777777777778,0.805555555555556,108
"NEU_ISI-FluBcast","US",0.865283501513982,0.859688204840285,0.00442374227384204,0.00424269090929466,1.0715413566498,1.06315247473214,0.00751357102310722,0.00720699593470528,0.595238095238095,0.988095238095238,84
"UGA_flucast-Copycat","US",0.82725537414998,0.821389491861528,0.0073872495261327,0.00703046822966942,0.819256787915389,0.812368446582875,0.0098505159836706,0.00937960557876736,0.548076923076923,0.807692307692308,104
"UGA_flucast-INFLAenza","US",0.625890931253586,0.622511044973415,0.00445758700311862,0.00427733134363503,0.647149817637731,0.643637185034226,0.00619453595622295,0.00596045806982433,0.54,0.87,100
"UGuelph-CompositeCurve","US",2.15321267104458,2.19293608113624,0.0431416666666667,0.0421172386035685,1.61806241881456,1.64245372424518,0.0431416666666667,0.0421172386035685,0,0,12
