"model_id","target_end_date","wis_scaled_relative_skill","wis_scaled_relative_skill__log","wis","wis__log","ae_median_scaled_relative_skill","ae_median_scaled_relative_skill__log","ae_median","ae_median__log","interval_coverage_50","interval_coverage_95","n"
"CADPH-FluCAT_Ensemble",2026-05-02,0.818306639485767,0.665640301234372,18.7444911728581,0.0785318879431665,Inf,Inf,32.384758772169,0.14153525694575,1,1,1
"CADPH-FluCAT_Ensemble",2026-05-09,0.55766870516026,0.492849608356763,17.9080732478111,0.0808425703878659,1.2438321001771,1.09007155504043,25.366906911173,0.121848029371925,1,1,2
"CADPH-FluCAT_Ensemble",2026-05-16,0.510658079618982,0.493915395887665,26.5128096243893,0.122269681588653,1.31684493243384,1.21106406156463,38.608011528712,0.195729538511731,1,1,2
"CADPH-FluCAT_Ensemble",2026-05-23,0.612355677060563,0.566314691669799,29.738556341625,0.148748386382686,2.18612256228016,1.76730797435846,47.5028307627593,0.26684855799717,1,1,3
"CADPH-FluCAT_Ensemble",2026-05-30,0.507082782602675,0.525734652506754,22.228718989152,0.124431522669895,1.61834905430936,1.41155612267846,33.71324353993,0.207710679085602,1,1,3
"CADPH-FluCAT_Ensemble",2026-06-06,0.346923424770271,0.417096964174537,15.8791757071136,0.105069979009217,0.956809383760241,0.713452870743684,19.2598512854605,0.134129091889817,1,1,2
"CADPH-FluCAT_Ensemble",2026-06-13,0.31226027369707,0.372739209288682,19.3833536194794,0.130268454448913,1.00120964606805,0.774471023905423,20.43659803116,0.147373310915082,1,1,2
"CADPH-FluCAT_Ensemble",2026-06-20,0.226145609322819,0.344362378563501,15.0977464584248,0.127279475883654,0.444143770024673,0.368474340242955,9.531405849539,0.0827604780541451,1,1,1
"CEPH-Rtrend_fluH",2026-05-02,0.899281163037568,0.901131188169429,7.22641304347826,0.290756116962015,1.31772539872912,1.23315147030414,10.8269230769231,0.435329346024702,0.442307692307692,0.865384615384615,52
"CEPH-Rtrend_fluH",2026-05-09,0.76850922718019,0.875427506209736,7.18892558528428,0.349387831550238,1.37148229703861,1.28523309059066,11.6442307692308,0.551998065054497,0.490384615384615,0.923076923076923,104
"CEPH-Rtrend_fluH",2026-05-16,0.637500447896712,0.87827458281678,6.8640607580825,0.39885272766516,1.45007128869405,1.50529691877031,11.0769230769231,0.641331891686839,0.596153846153846,0.948717948717949,156
"CEPH-Rtrend_fluH",2026-05-23,0.648792986837296,0.932688411273658,8.09747909698997,0.480568260988004,1.65732686762048,1.64695149988135,13.3942307692308,0.800568892664492,0.5,0.951923076923077,208
"CEPH-Rtrend_fluH",2026-05-30,0.625496209151233,0.898394878536447,7.67323578595318,0.477730110595365,1.51895143520606,1.46227460607104,12.6153846153846,0.797517042488812,0.596153846153846,0.975961538461538,208
"CEPH-Rtrend_fluH",2026-06-06,0.636258634367152,0.9350497441854,8.83467391304348,0.564061127234164,1.90739529250924,1.37673111811166,14.5512820512821,0.891493958691078,0.57051282051282,0.967948717948718,156
"CEPH-Rtrend_fluH",2026-06-13,0.542480522365444,0.951052224709042,8.16485785953177,0.601579700718841,2.12521996844259,1.9506956629716,13.6826923076923,1.02919546167179,0.605769230769231,0.980769230769231,104
"CEPH-Rtrend_fluH",2026-06-20,0.512120137762884,1.10178501834182,8.67534280936455,0.759901991377795,1.98094940264234,2.11080277951498,14.25,1.40096810627572,0.480769230769231,0.961538461538462,52
"CFA_Pyrenew-Pyrenew_HE_Flu",2026-05-02,0.862344876181184,0.796449938566126,7.14034596273292,0.233730521767311,1.24198672494745,1.13450041738534,10.1428571428571,0.357993210244519,0.542857142857143,0.942857142857143,35
"CFA_Pyrenew-Pyrenew_HE_Flu",2026-05-09,0.763422194352716,0.794927707971286,7.47454313169502,0.317516067218379,1.32771575147342,1.18789129524445,11.695652173913,0.515009773035237,0.405797101449275,0.942028985507246,69
"CFA_Pyrenew-Pyrenew_HE_Flu",2026-05-16,0.506381868227303,0.651152993756671,4.26557926670993,0.270290473839381,1.06810261916359,1.15581500921817,6.02985074626866,0.430239206830612,0.626865671641791,0.925373134328358,67
"CFA_Pyrenew-Pyrenew_HE_Flu",2026-05-23,0.533574050038655,0.607197526290071,5.42638787019534,0.283042630212275,1.07776141045094,0.970308959514939,7.26086956521739,0.437373947063133,0.565217391304348,0.91304347826087,69
"CFA_Pyrenew-Pyrenew_HE_Flu",2026-05-30,0.547633713759747,0.684922881577196,6.09406658725432,0.346476995741289,1.05521980278139,0.991489858195462,8.46575342465753,0.533690432512404,0.561643835616438,0.876712328767123,73
"CFA_Pyrenew-Pyrenew_HE_Flu",2026-06-06,0.407696345275031,0.599146265147578,3.92913466509988,0.336898595127858,1.35523393447251,0.970727009441799,6.58108108108108,0.556358919906798,0.567567567567568,0.891891891891892,37
"CFA_Pyrenew-Pyrenew_H_Flu",2026-05-02,1.01986025549148,0.827465645825528,8.21195605285592,0.276464995302417,1.28745388032915,1.10382497313035,10.9803921568627,0.421299702411668,0.568627450980392,0.92156862745098,51
"CFA_Pyrenew-Pyrenew_H_Flu",2026-05-09,1.01624902343573,0.941301798963076,9.3890707374254,0.380976283507718,1.58766505583355,1.41078065782273,13.1862745098039,0.6077006287745,0.568627450980392,0.92156862745098,102
"CFA_Pyrenew-Pyrenew_H_Flu",2026-05-16,0.673473193088425,0.790476334836155,5.96124486359761,0.329623898219469,1.39333637418395,1.35259207436362,8.25980392156863,0.527200504728405,0.607843137254902,0.970588235294118,102
"CFA_Pyrenew-Pyrenew_H_Flu",2026-05-23,0.564382666226455,0.683439842379164,5.52857378516624,0.302782432394173,1.36364976258582,1.17152427214855,8.51960784313725,0.482194236540639,0.598039215686274,0.980392156862745,102
"CFA_Pyrenew-Pyrenew_H_Flu",2026-05-30,0.489518357917616,0.664481913115597,4.97670355924979,0.327347270610185,1.03645629859025,1.02778586402365,7.21078431372549,0.514382056678135,0.637254901960784,0.96078431372549,102
"CFA_Pyrenew-Pyrenew_H_Flu",2026-06-06,0.430891796736231,0.682322998150276,4.59742416879795,0.362696938699014,1.20202921818895,1.03592226282289,6.73529411764706,0.56362221671998,0.549019607843137,0.96078431372549,51
"CMU-TimeSeries",2026-05-02,0.829326593639537,0.831581429884665,6.55228079966126,0.263020635336493,1.2533012467765,1.15077065464702,10.2705231383857,0.403555570380951,0.365384615384615,0.903846153846154,52
"CMU-TimeSeries",2026-05-09,0.592531569436388,0.682512386595443,5.66319523194563,0.2788551123709,1.07189477074228,0.995122932240172,9.26779575929352,0.436742950327459,0.375,0.932692307692308,104
"CMU-TimeSeries",2026-05-16,0.395572111646872,0.578006312681936,4.3244162576385,0.267160746299867,0.869224197230584,0.945051526717404,6.74044085173123,0.411113669873832,0.5,0.942307692307692,156
"CMU-TimeSeries",2026-05-23,0.389252482228594,0.546365596716223,4.83919755057637,0.281561712084372,0.946944420596217,0.898990827232336,7.54194767291619,0.432715041479391,0.447115384615385,0.913461538461538,208
"CMU-TimeSeries",2026-05-30,0.339520315311903,0.533175181777764,4.20815194500522,0.29192490483988,0.787627467693968,0.78283539371885,6.57752145501607,0.439383653414923,0.485576923076923,0.903846153846154,208
"CMU-TimeSeries",2026-06-06,0.337125216535597,0.538353308426301,4.59311513807578,0.320165686953891,1.00511819497393,0.813187302907734,7.11240436941301,0.501006656948547,0.423076923076923,0.897435897435897,156
"CMU-TimeSeries",2026-06-13,0.24472935716245,0.453574977424968,3.76289082126946,0.302940442454851,0.838638501355505,0.809359204524645,5.51312957091432,0.460126855698431,0.442307692307692,0.923076923076923,104
"CMU-TimeSeries",2026-06-20,0.242233704032713,0.523298357143644,3.98245959534374,0.358922713776113,0.88951836674968,0.842653680314169,6.03719727632462,0.557014001432027,0.365384615384615,0.865384615384615,52
"CU-ARNB_Net",2026-05-02,0.836760043747142,0.823741896791316,6.78413043478261,0.267742075755628,1.22466427840429,1.18278464967934,10.3461538461538,0.432420153466489,0.673076923076923,0.961538461538462,52
"CU-ARNB_Net",2026-05-09,0.66471614240324,0.7480323795853,6.36982859531773,0.303693192140701,1.14344922154986,1.08801988827511,10.0961538461538,0.483212537815383,0.596153846153846,0.980769230769231,104
"CU-ARNB_Net",2026-05-16,0.496989258662907,0.674911167773395,5.44845039018952,0.307366504360696,1.06028280202679,1.07921583060086,8.39102564102564,0.470982581761906,0.698717948717949,0.974358974358974,156
"CU-ARNB_Net",2026-05-23,0.503493629509052,0.643923293081478,6.3271906354515,0.330070587194226,1.28577602778637,1.07810852862733,10.3942307692308,0.520976355512063,0.615384615384615,0.980769230769231,208
"CU-ARNB_Net",2026-05-30,0.441566393018231,0.607402538510313,5.48117892976589,0.328520810888611,1.02697154728451,0.893837973725599,8.80288461538461,0.510809883375282,0.653846153846154,0.975961538461538,208
"CU-ARNB_Net",2026-06-06,0.437948756247654,0.614763937522244,6.02136566332219,0.365593321368495,1.45674026380606,0.979791305890742,10.4615384615385,0.603624205232207,0.57051282051282,0.987179487179487,156
"CU-ARNB_Net",2026-06-13,0.331011114798993,0.513647113293723,5.12098662207358,0.33725844606611,1.28802880404114,0.922705717723708,8.61538461538461,0.51763966668904,0.663461538461538,0.980769230769231,104
"CU-ARNB_Net",2026-06-20,0.328484610720735,0.59140539075007,5.47249163879599,0.404715536345915,1.39917551824197,1.04380065276935,9.75,0.691500777036055,0.576923076923077,0.980769230769231,52
"CU-ensemble",2026-05-02,0.934442747854316,1.07872342349457,7.46652173913043,0.343902054482321,1.43990578162152,1.37769666721722,11.8846153846154,0.490165573571586,0.75,0.903846153846154,52
"CU-ensemble",2026-05-09,0.72197818902945,0.934824447781523,7.00802257525084,0.38172881574503,1.23246903110659,1.26824329328121,11.1153846153846,0.578141164041224,0.615384615384615,0.951923076923077,104
"CU-ensemble",2026-05-16,0.530932707168544,0.857227028996824,5.80090301003345,0.387890670886399,1.1902389717757,1.36565087970937,9.12820512820513,0.579822158750651,0.647435897435897,0.955128205128205,156
"CU-ensemble",2026-05-23,0.934393149341931,1.92237872142155,11.2151567725753,0.932971190138346,1.84017979873617,2.43966456736681,14.1971153846154,1.10494972168439,0.480769230769231,0.745192307692308,208
"CU-ensemble",2026-05-30,0.774804741328845,1.63443514104887,9.45115593645485,0.845333285064646,1.44340780842424,1.88240873904216,11.8942307692308,0.996757242186516,0.5625,0.740384615384615,208
"CU-ensemble",2026-06-06,0.734823113012998,1.56961498438344,10.6102341137124,0.975802941752658,1.70396053968653,1.72171278036388,12.6666666666667,1.1018206167671,0.544871794871795,0.685897435897436,156
"CU-ensemble",2026-06-13,0.705772055633943,1.86481895894292,10.8078637123746,1.20102144198176,1.85820221914141,2.3627200940843,12.0769230769231,1.27898812243121,0.442307692307692,0.538461538461538,104
"CU-ensemble",2026-06-20,0.312113119166433,0.607702521702368,5.39372909698997,0.427797735067695,1.18756253079586,0.968200093711547,8.82692307692308,0.681070249385549,0.730769230769231,1,52
"Cornell_JHU-hierarchSIR",2026-05-02,0.956636977974341,1.30232018359936,7.9477508361204,0.434347950381471,1.31656110204498,1.7781935239685,12.25,0.72428133272771,0.576923076923077,0.923076923076923,52
"Cornell_JHU-hierarchSIR",2026-05-09,0.831925437590472,1.26947060650464,8.2708737458194,0.534547885603737,0,0,12.6538461538462,0.889275735745344,0.5,0.894230769230769,104
"Cornell_JHU-hierarchSIR",2026-05-16,0.612113060730434,1.27481087455198,6.89057692307692,0.602797349430566,1.34070683097655,2.22112259994947,11.0128205128205,1.03768170433822,0.371794871794872,0.948717948717949,156
"Cornell_JHU-hierarchSIR",2026-05-23,0.649172415937549,1.28902936458546,8.20041387959866,0.673129928792454,1.59246267720614,2.34401465970416,12.9951923076923,1.18201323504028,0.350961538461538,0.899038461538462,208
"Cornell_JHU-hierarchSIR",2026-05-30,0.525137905806442,1.15608287177149,6.72090301003345,0.642427444191298,0,0,10.1778846153846,1.11040365019856,0.451923076923077,0.884615384615385,208
"Cornell_JHU-hierarchSIR",2026-06-06,0.510855368197271,1.09785945941009,7.41148550724638,0.704512951708083,1.4419163029782,1.74258419094188,10.9551282051282,1.15471990907805,0.423076923076923,0.871794871794872,156
"Cornell_JHU-hierarchSIR",2026-06-13,0.394062751477332,1.11470823813971,6.21734531772575,0.761294232679898,1.44004993185473,2.17272864178355,9.65384615384615,1.24760455301226,0.288461538461538,0.826923076923077,104
"Cornell_JHU-hierarchSIR",2026-06-20,0.338926741008259,0.999858342132528,6.16486622073579,0.758496853310434,1.20754069626876,1.62390678109647,9.30769230769231,1.22881109510223,0.326923076923077,0.846153846153846,52
"DMAPRIME-DLM",2026-05-02,1.04649464347185,1.06763137529506,3.77347826086957,0.309575670338327,1.90258536136444,2.01323138970953,7,0.575364144903562,0,1,1
"DMAPRIME-DLM",2026-05-09,0.323975596708321,0.404300151558902,1.39086956521739,0.146052985201987,Inf,Inf,2.5,0.269498250366344,0.5,1,2
"DMAPRIME-DLM",2026-05-16,0.382737533335736,0.46738167218205,1.8768115942029,0.163924216410046,1.25438590039494,1.20297947793769,3,0.272285611628656,0.666666666666667,1,3
"DMAPRIME-DLM",2026-05-23,0.243236156112079,0.331623731347821,1.51,0.14550279055638,0.672250809870815,0.656397872184344,2.5,0.238877861256859,0.75,1,4
"DMAPRIME-DLM",2026-05-30,0.458862220592553,0.581684161527452,2.44076086956522,0.226139348589508,Inf,Inf,4.25,0.413928439409205,0.5,1,4
"DMAPRIME-DLM",2026-06-06,1.12494839050916,1.48174329429112,8.61405797101449,1.06504484278184,3.09614908830233,1.77661287519246,12,1.38104490879718,0,0,3
"DMAPRIME-DLM",2026-06-13,0.514390525370109,0.623541204868738,3.82326086956522,0.300589450017358,Inf,Inf,6.5,0.530435980342631,0,1,2
"DMAPRIME-DLM",2026-06-20,0.869177891446078,1.38853895599649,9.76434782608696,1.16449924875907,Inf,Inf,13,1.44691898293633,0,0,1
"DMAPRIME-QR",2026-05-02,0.400077108772856,0.279684366532294,1.44260869565217,0.081098661256987,0.815393726299044,0.60131368045603,3,0.171850256926659,1,1,1
"DMAPRIME-QR",2026-05-09,2.45376470076808,2.21655908750315,10.509347826087,0.801203485853616,Inf,Inf,14.5,1.0338267929639,0,0,2
"DMAPRIME-QR",2026-05-16,1.41926747958079,1.38118283621686,7.51971014492754,0.517433089440255,4.2680027516394,2.98698390784235,11,0.720361843573449,0.333333333333333,0.333333333333333,3
"DMAPRIME-QR",2026-05-23,0.779760159246199,0.676708691024843,5.35858695652174,0.318260990905477,2.13327071684296,1.31053185084729,8.75,0.508230381511236,0.25,0.75,4
"DMAPRIME-QR",2026-05-30,0.972688340928722,1.00836746450224,5.27184782608696,0.394520133048178,Inf,Inf,8.25,0.608968078796599,0.25,0.75,4
"DMAPRIME-QR",2026-06-06,0.665415211939454,1.01341839687243,5.15840579710145,0.735044649790605,2.05009942948625,1.38866465843524,8,1.08321582784499,0,0.666666666666667,3
"DMAPRIME-QR",2026-06-13,0.347886015914696,0.457660303494242,2.5395652173913,0.216084963971725,NA,NA,3.5,0.287682072451781,0.5,1,2
"DMAPRIME-QR",2026-06-20,0.22567353660264,0.478117187238917,2.53521739130435,0.40097334176624,Inf,Inf,5,0.810930216216329,0,1,1
"Epistorm-Ensemble_Flu",2026-05-02,0.709904719460788,0.700998466564071,5.7238685180767,0.226270790729757,1.06141211627158,0.974127924133709,8.9017180386753,0.351229828330404,0.615384615384615,0.961538461538462,52
"Epistorm-Ensemble_Flu",2026-05-09,0.559360956918329,0.612946428393827,5.31812843511794,0.24832199703583,0.924694979372972,0.861590399931981,8.06863399399129,0.377740370225483,0.615384615384615,0.980769230769231,104
"Epistorm-Ensemble_Flu",2026-05-16,0.400744251308641,0.546897259984925,4.32955932272201,0.250699185534324,0.755317581151341,0.795386947675708,5.98342316226542,0.35344023940235,0.730769230769231,0.974358974358974,156
"Epistorm-Ensemble_Flu",2026-05-23,0.366267957539239,0.522514672060179,4.50770637622854,0.268851128722017,0.817226970470122,0.803666493302925,6.55014072066014,0.390313241451628,0.70048309178744,0.956521739130435,207
"Epistorm-Ensemble_Flu",2026-05-30,0.346102013972299,0.514317932567489,4.21831681056777,0.279782493644223,0.696710380605378,0.77044863674852,5.76153300003974,0.434611671135699,0.661835748792271,0.985507246376812,207
"Epistorm-Ensemble_Flu",2026-06-06,0.316579134206668,0.500701693314126,4.19365974819541,0.293636419955712,0.897407846940598,0.766973003369136,6.1839396917087,0.46745934516715,0.593548387096774,1,155
"Epistorm-Ensemble_Flu",2026-06-13,0.265537468049917,0.464118996142436,3.9904076097017,0.307668780670845,0.71509458602077,0.729419497189374,4.79628155903897,0.431524531070667,0.640776699029126,0.970873786407767,103
"Epistorm-Ensemble_Flu",2026-06-20,0.245373141429177,0.50243253319625,4.0049994300204,0.342304869423055,0.748814105606744,0.795434782081644,5.03096552591241,0.523560721676305,0.653846153846154,0.961538461538462,52
"FluSight-HJudge_ensemble",2026-05-02,0.713477959947806,0.703005105861299,5.73558528428094,0.226072795640069,1.07067295572429,0.986993728324705,8.96153846153846,0.3549227893445,0.673076923076923,0.980769230769231,52
"FluSight-HJudge_ensemble",2026-05-09,0.556825108619719,0.616477265271739,5.34237876254181,0.250798941020562,0.925435503623141,0.868499917123733,8.125,0.38366307987119,0.673076923076923,0.971153846153846,104
"FluSight-HJudge_ensemble",2026-05-16,0.386221769378802,0.546474667701508,4.22149386845039,0.252023646233939,0.732146812552342,0.794841989458877,5.80128205128205,0.355159533621272,0.775641025641026,0.987179487179487,156
"FluSight-HJudge_ensemble",2026-05-23,0.357219174760478,0.517677350757397,4.44972408026756,0.267001137471158,0.785164011706276,0.798902610466426,6.37019230769231,0.390793299317901,0.721153846153846,0.980769230769231,208
"FluSight-HJudge_ensemble",2026-05-30,0.327265420816189,0.504714493813328,4.07063336120401,0.27652581080556,0.686597245981567,0.76545162511059,5.79326923076923,0.435063249608357,0.692307692307692,0.985576923076923,208
"FluSight-HJudge_ensemble",2026-06-06,0.286891208822555,0.487013498956153,3.8821265328874,0.288527565022137,0.853773949257308,0.796436662119658,5.99358974358974,0.489959235309939,0.58974358974359,1,156
"FluSight-HJudge_ensemble",2026-06-13,0.217294314201065,0.424929708211455,3.38348662207358,0.286647558533439,0,0,4.72115384615385,0.449964698210102,0.682692307692308,1,104
"FluSight-HJudge_ensemble",2026-06-20,0.214186963290195,0.475493380260211,3.53697324414716,0.327131708830087,0.732721583107613,0.79431471988685,4.98076923076923,0.527351018347517,0.692307692307692,1,52
"FluSight-baseline",2026-05-02,1,1,8.04268394648829,0.321249235667515,1,1,8.90384615384615,0.385590372988971,0.692307692307692,1,52
"FluSight-baseline",2026-05-09,1,1,9.33219899665552,0.394578272511247,1,1,8.49038461538461,0.427391753586373,0.826923076923077,1,104
"FluSight-baseline",2026-05-16,1,1,10.7160200668896,0.446664374648396,1,1,7.55128205128205,0.423408378813806,0.92948717948718,1,156
"FluSight-baseline",2026-05-23,1,1,12.3596132943144,0.505417464847725,1,1,8.02403846153846,0.486731552101751,0.961538461538462,1,208
"FluSight-baseline",2026-05-30,1,1,12.2639987458194,0.530731506111544,1,1,8.38461538461539,0.562438668014706,0.947115384615385,1,208
"FluSight-baseline",2026-06-06,1,1,13.5783556298774,0.597198484479116,1,1,7.13461538461539,0.632841050071496,0.987179487179487,1,156
"FluSight-baseline",2026-06-13,1,1,15.0537040133779,0.644343044320349,1,1,6.85576923076923,0.594931830642166,0.990384615384615,1,104
"FluSight-baseline",2026-06-20,1,1,16.5313628762542,0.688033477382952,1,1,7.09615384615385,0.694067888632807,0.980769230769231,1,52
"FluSight-ensemble",2026-05-02,0.718913213092723,0.712420634164773,5.79226588628763,0.229851897938932,1.05636261876868,0.982090485405472,8.84615384615385,0.354998397655486,0.730769230769231,0.980769230769231,52
"FluSight-ensemble",2026-05-09,0.550662517883463,0.625134351126656,5.25905518394649,0.254022207583925,0.886479523349269,0.855591244828923,7.77884615384615,0.377768706435595,0.740384615384615,0.990384615384615,104
"FluSight-ensemble",2026-05-16,0.391752852242288,0.558841997469623,4.25864269788183,0.256585641448094,0.684728526690483,0.768917952969936,5.42307692307692,0.344242322484369,0.801282051282051,1,156
"FluSight-ensemble",2026-05-23,0.367681642263735,0.532102364995539,4.55610367892977,0.273558082016009,0.75019817414616,0.805349914816592,6.19711538461539,0.40155868143407,0.774038461538462,0.995192307692308,208
"FluSight-ensemble",2026-05-30,0.343716854220348,0.525452109562998,4.25447742474916,0.286505313656022,0.67012174070108,0.752531826558013,5.73557692307692,0.433679179886049,0.769230769230769,0.995192307692308,208
"FluSight-ensemble",2026-06-06,0.302134713313444,0.498703361943523,4.11336956521739,0.297771075874324,0.85042404739212,0.815102131406063,6.03205128205128,0.506473467380565,0.756410256410256,1,156
"FluSight-ensemble",2026-06-13,0.236898132090632,0.448960879928703,3.6603762541806,0.300442956492054,0,0,4.82692307692308,0.461280136157103,0.730769230769231,1,104
"FluSight-ensemble",2026-06-20,0.227167374844952,0.485721712837007,3.76817725752508,0.335737780364325,0.734631448926765,0.806896891935107,5.01923076923077,0.538965161669328,0.730769230769231,1,52
"FluSight-lop_norm",2026-05-02,0.740887253051742,0.76531434764026,5.97438963210702,0.246675590826535,1.0237403005336,0.94987553470746,8.63461538461539,0.345098189701064,0.788461538461538,1,52
"FluSight-lop_norm",2026-05-09,0.577923119128481,0.669353708493285,5.46950668896321,0.269610818915954,0.898941778897313,0.853434888858998,7.79807692307692,0.371558238614618,0.778846153846154,1,104
"FluSight-lop_norm",2026-05-16,0.422098308668713,0.600887756807318,4.55621794871795,0.273808876260341,0.690919126328858,0.77521786226574,5.37179487179487,0.340055663512913,0.82051282051282,1,156
"FluSight-lop_norm",2026-05-23,0.401745258494113,0.572206284333054,4.96863294314381,0.293317624181555,0.776544512415633,0.797990642153154,6.41826923076923,0.39831996548039,0.841346153846154,1,208
"FluSight-lop_norm",2026-05-30,0.378940792314783,0.562570779050644,4.67034698996656,0.305021074171109,0.682369427453677,0.74995162125395,5.85096153846154,0.432883599570551,0.822115384615385,1,208
"FluSight-lop_norm",2026-06-06,0.343568490702407,0.540233777320562,4.67671683389075,0.323034181975297,0.879014220771205,0.816772159938623,6.23717948717949,0.507204229289329,0.833333333333333,1,156
"FluSight-lop_norm",2026-06-13,0.280008503753615,0.492758355380303,4.28290969899666,0.326062215758988,0.697374547606122,0.755322081720099,4.86538461538461,0.455914400682446,0.817307692307692,1,104
"FluSight-lop_norm",2026-06-20,0.267432914179455,0.515941101314778,4.41814381270903,0.355283019494932,0.774394228983922,0.820867851920542,5.28846153846154,0.547913173237274,0.846153846153846,1,52
"FluSight-trained_mean",2026-05-02,0.778402236723815,0.774703979099525,6.19598375339511,0.246175788154902,1.14939177863308,1.06999657489317,9.4340763639814,0.378023563521413,0.615384615384615,0.923076923076923,52
"FluSight-trained_mean",2026-05-09,0.576669561253308,0.647508108776907,5.54922753533355,0.263372139483359,0.956865713927648,0.92890386274101,8.52619405348469,0.41533285970539,0.576923076923077,0.951923076923077,104
"FluSight-trained_mean",2026-05-16,0.397391990405419,0.559789834403861,4.37676186669981,0.258118871940582,0.795196026854563,0.888038220380421,6.3187480047207,0.388271577851077,0.634615384615385,0.955128205128205,156
"FluSight-trained_mean",2026-05-23,0.377380443461721,0.544629368991015,4.72245421077394,0.281298601854632,0.876213074409818,0.913657920107905,7.12683145008311,0.446293814420515,0.514423076923077,0.927884615384615,208
"FluSight-trained_mean",2026-05-30,0.336694727018931,0.527901290146478,4.24152412698108,0.292698531251208,0.68452590670737,0.768427710652664,6.09010870448069,0.457241842646984,0.533653846153846,0.903846153846154,208
"FluSight-trained_mean",2026-06-06,0.299357224915246,0.516976457078214,4.12258773094423,0.310824268978978,0.851300023011139,0.798725695696743,6.09531923827667,0.498716012905922,0.480769230769231,0.871794871794872,156
"FluSight-trained_mean",2026-06-13,0.223949888908341,0.452501804737181,3.50010159748741,0.306752700179008,0.758709481378815,0.820432024534997,5.11675988251476,0.477536361316878,0.5,0.894230769230769,104
"FluSight-trained_mean",2026-06-20,0.217666003558547,0.480310937481649,3.65578600247246,0.334262154187527,0.836294323000593,0.790252656207905,5.79141992944175,0.527755622958221,0.423076923076923,0.826923076923077,52
"FluSight-trained_med",2026-05-02,0.723502346492527,0.725393757839542,5.79486298496923,0.232763194877461,1.0487134508328,0.975642372691543,8.7403938472212,0.350474194192502,0.673076923076923,0.980769230769231,52
"FluSight-trained_med",2026-05-09,0.550819846093204,0.6241306525968,5.29071442840342,0.254665203240838,0.863552472510985,0.875451174477683,7.67981963447418,0.391716284118516,0.644230769230769,0.980769230769231,104
"FluSight-trained_med",2026-05-16,0.384049273941337,0.554137940854871,4.20922321860708,0.255845115216367,0.680954697161335,0.80826403056541,5.42953400836438,0.361682127467247,0.75,1,156
"FluSight-trained_med",2026-05-23,0.36325749083451,0.534221945153668,4.50074706815374,0.274236653981273,0.760154785446457,0.844467888904713,6.15702366651074,0.414107819105118,0.706730769230769,0.995192307692308,208
"FluSight-trained_med",2026-05-30,0.340100218016194,0.536275067311247,4.24019903901755,0.294199666259722,0.647375896547264,0.78278247703686,5.63106992064712,0.46111106554208,0.639423076923077,1,208
"FluSight-trained_med",2026-06-06,0.28934356294394,0.513492201931776,3.97934674580269,0.31035105213782,0.791709783933729,0.8090685336499,5.72240107123709,0.513344434306625,0.596153846153846,1,156
"FluSight-trained_med",2026-06-13,0.227191686807935,0.439205073093151,3.52997878437498,0.295338690941017,0.712393092600696,0.798994308460005,4.85697684017459,0.468113321710752,0.625,0.990384615384615,104
"FluSight-trained_med",2026-06-20,0.217339922066472,0.479387518733931,3.64084216234789,0.333862990924308,0.703775991362223,0.784054240897255,4.9017801689996,0.533355503243296,0.538461538461538,1,52
"Gatech-ensemble_prob",2026-05-02,0.789345308576219,0.819396001043451,6.56204347826087,0.262818177728767,0.978428193994529,1.04930614057413,8.72,0.387859746090466,0.78,1,50
"Gatech-ensemble_prob",2026-05-09,0.647741632091412,0.706457648863698,6.31064782608696,0.283393986515921,0.876928588471666,0.879083092472311,7.88,0.38475942395588,0.81,1,100
"Gatech-ensemble_prob",2026-05-16,0.540740600922118,0.69065831443221,5.95385217391304,0.298279176074222,0.836373691725506,0.900984952911863,6.67333333333333,0.376892493945463,0.866666666666667,1,150
"Gatech-ensemble_prob",2026-05-23,0.525297223998213,0.710672555192668,6.63321304347826,0.351455932788976,0.91433131148269,0.947762007172113,7.675,0.456078097143469,0.845,1,200
"Gatech-ensemble_prob",2026-05-30,0.510355587477855,0.730572930737567,6.48790217391304,0.396410501679217,0.881802480840901,1.02986285621144,7.705,0.591468130834219,0.81,1,200
"Gatech-ensemble_prob",2026-06-06,0.503724406528154,0.73847721566897,7.02555362318841,0.438064957429138,1.18724914581335,1.10053797489753,8.58666666666667,0.678130935587784,0.82,1,150
"Gatech-ensemble_prob",2026-06-13,0.467924331286108,0.723544335452112,7.37878260869565,0.471001590149296,1.14653307108755,1.20371399878375,8.18,0.711472255056304,0.81,1,100
"Gatech-ensemble_prob",2026-06-20,0.468549609619738,0.773748966437521,8.05255652173913,0.527378625461883,1.30724129538314,1.2822874022952,9.32,0.851666789996127,0.8,1,50
"Gatech-ensemble_stat",2026-05-02,0.822455376130038,0.826314133748207,6.64635990826981,0.268374528212073,0.887636536474679,0.904327632174193,8.14971598093978,0.358672443658407,0.807692307692308,1,52
"Gatech-ensemble_stat",2026-05-09,0.752835918665877,0.947180147278353,7.08292070606506,0.385512123491976,1.05355818790797,1.20001906880213,9.19634861700861,0.537444940090812,0.798076923076923,1,104
"Gatech-ensemble_stat",2026-05-16,0.702194007132059,0.91728159681663,7.54202956003484,0.418178533752614,1.0155785901312,1.24490069332083,8.02089850349236,0.562705895616054,0.833333333333333,1,156
"Gatech-ensemble_stat",2026-05-23,0.669021239540957,0.866188805928363,8.2455033086348,0.443077592851839,1.00178075918717,1.23981937349438,8.10694707179562,0.61506437076302,0.875,1,208
"Gatech-ensemble_stat",2026-05-30,0.694365211340554,0.816577024939992,8.52344332177092,0.436867985705595,0.837625178848581,0.9489605458129,7.11499204765317,0.541792886839465,0.831730769230769,0.995192307692308,208
"Gatech-ensemble_stat",2026-06-06,0.679522307441254,0.792051837307677,9.23537675860962,0.476302447326746,0.95358066632418,0.932566914834154,6.89440298427519,0.599117572951261,0.891025641025641,1,156
"Gatech-ensemble_stat",2026-06-13,0.659187771748524,0.774983163913422,9.94862030227147,0.504204889545181,0.960762345700268,0.958090604859154,6.59068252960854,0.568466679721452,0.903846153846154,1,104
"Gatech-ensemble_stat",2026-06-20,0.684804355953669,0.782912426326712,11.3163408897144,0.540842453130719,1.12706833804668,1.02865187444425,7.96429877980945,0.71383094695777,0.884615384615385,1,52
"Google_SAI-FluEns",2026-05-02,0.767244660631347,0.707668989626843,6.23229758361204,0.230321418999202,1.10073807123531,0.96980187368992,9.35192307692308,0.355364036065899,0.673076923076923,1,52
"Google_SAI-FluEns",2026-05-09,0.581856581979551,0.626354450587174,5.46024126254181,0.250523091624255,0.977001539352475,0.929790934705688,8.28461538461539,0.396625142102088,0.644230769230769,0.990384615384615,104
"Google_SAI-FluEns",2026-05-16,0.418193623984396,0.536611193333394,4.51559500557414,0.244825597339919,0.761787951534511,0.840189622181707,5.80961538461538,0.360199759339576,0.711538461538462,0.980769230769231,156
"Google_SAI-FluEns",2026-05-23,0.402380202649617,0.522239983756715,5.01778032399666,0.271192667222776,0.834290810835095,0.829239546601017,6.96586538461538,0.418386859409321,0.644230769230769,0.966346153846154,208
"Google_SAI-FluEns",2026-05-30,0.383410155953496,0.553478778949338,4.71255745401338,0.3023330022613,0.782278367346684,0.81787726982126,6.575,0.462392230560643,0.581730769230769,0.9375,208
"Google_SAI-FluEns",2026-06-06,0.354141654770619,0.522213824649149,4.79083198717949,0.30817028570222,0.999581173500818,0.798333154263906,7.05897435897436,0.490048604948701,0.57051282051282,0.961538461538462,156
"Google_SAI-FluEns",2026-06-13,0.27815384102361,0.470557690209022,4.27456953177257,0.315943718934419,0.830984480541517,0.806126004146341,5.71346153846154,0.478949618391979,0.634615384615385,0.961538461538462,104
"Google_SAI-FluEns",2026-06-20,0.271797233104947,0.515408284188711,4.45744531772575,0.351701338954131,0.933038719556985,0.799687500563946,6.33653846153846,0.524964202151695,0.596153846153846,0.961538461538462,52
"LUcompUncertLab-puca",2026-05-02,1.07392110217813,1.60880272057604,8.29395484949833,0.497215609130095,1.43550336797941,1.98359951921187,11.3653846153846,0.688739686563617,0.846153846153846,0.961538461538462,52
"LUcompUncertLab-puca",2026-05-09,0.736479322160363,1.11953185894429,7.77213210702341,0.467692861298571,0,0,10.6730769230769,0.581388589264577,0.903846153846154,0.980769230769231,52
"LUcompUncertLab-puca",2026-05-16,0.694175828376178,1.09968205641833,7.25452341137124,0.484740899638818,1.31580749638547,1.62575287597147,9.76923076923077,0.664225013825492,0.884615384615385,1,104
"LUcompUncertLab-puca",2026-05-23,0.52244311851402,0.896549004032562,6.86430602006689,0.484514196963345,1.09491796422745,1.28703461870042,9.25961538461539,0.655511061253484,0.865384615384615,0.990384615384615,104
"LUcompUncertLab-puca",2026-05-30,0.775974394378596,1.16708267700307,7.00607023411371,0.483899582393498,1.44320725364242,1.5027964607605,9.09615384615385,0.618814209733049,0.923076923076923,1,52
"LUcompUncertLab-puca",2026-06-06,0.609931735899567,0.948306744735862,6.85651337792642,0.501308832536889,1.56036776967051,1.34073185078775,9.28846153846154,0.714652316059268,0.942307692307692,1,52
"LUcompUncertLab-puca",2026-06-13,0.51988280759828,0.897183480103572,6.99388795986622,0.520007227613869,Inf,Inf,9.36538461538461,0.84130571467352,0.923076923076923,1,52
"LUcompUncertLab-puca",2026-06-20,0.412503414502822,0.753331371489719,6.98386287625418,0.519594617815715,1.31054779676826,1.18212017887624,9.25,0.775803234229681,0.923076923076923,0.980769230769231,52
"LosAlamos-DoSiDo",2026-05-02,0.839893730897287,1.01617551500476,6.68128762541806,0.323277222510438,1.19191147878734,1.21460767515989,9.82692307692308,0.43348866543313,0.653846153846154,0.980769230769231,52
"LosAlamos-DoSiDo",2026-05-09,0.582932673654678,0.85324744392052,5.62741220735786,0.350147856703579,0.947486812041463,1.14128227524412,8.46153846153846,0.514118145700056,0.634615384615385,0.980769230769231,104
"LosAlamos-DoSiDo",2026-05-16,0.413400412695712,0.78112804365718,4.56268394648829,0.361962915677215,0.822244839565873,1.23426611802728,6.48076923076923,0.550390397803198,0.666666666666667,0.993589743589744,156
"LosAlamos-DoSiDo",2026-05-23,0.393424015540257,0.734311006725557,4.896872909699,0.380530224618253,0.926444653089788,1.30611470464546,7.47596153846154,0.650264981335228,0.634615384615385,0.985576923076923,208
"LosAlamos-DoSiDo",2026-05-30,0.338702464285585,0.660805023048389,4.48475473801561,0.379918705464327,0.766870771685452,1.01120010124189,6.70512820512821,0.602705883167631,0.628205128205128,0.993589743589744,156
"LosAlamos-DoSiDo",2026-06-06,0.280350741357273,0.597797851410964,4.26468227424749,0.386914446829014,0.786415605751633,0.8980066077583,6.55769230769231,0.648057870514673,0.605769230769231,0.980769230769231,104
"LosAlamos-DoSiDo",2026-06-13,0.237474406052605,0.536700992821956,3.82851170568562,0.368002921305971,0.90363216833268,1.05181813801569,6.13461538461539,0.615690946865761,0.673076923076923,0.980769230769231,52
"LosAlamos-ThinMint",2026-05-02,1.23236299427738,1.12985616666935,9.81243311036789,0.366656488175463,1.57725777971813,1.31594378265867,13.75,0.498904699369013,0.653846153846154,1,52
"LosAlamos-ThinMint",2026-05-09,0.958457990142936,1.18863325501613,8.90113712374582,0.477177658805336,1.41202255642671,1.69363492281671,11.9519230769231,0.737947304587184,0.711538461538462,0.951923076923077,104
"LosAlamos-ThinMint",2026-05-16,0.715000419871678,1.07559948727036,7.68222129319955,0.492555919381635,1.30806173619293,1.89536886303799,10.0961538461538,0.841430386417251,0.711538461538462,0.980769230769231,156
"LosAlamos-ThinMint",2026-05-23,0.639071803736007,0.947563558052581,7.85854724080268,0.487065589465971,1.30137515052539,1.66097999585164,10.3798076923077,0.820266598389842,0.754807692307692,0.966346153846154,208
"LosAlamos-ThinMint",2026-05-30,0.631927450705461,0.900756779360728,8.28529542920847,0.509677996460372,1.11329336378082,1.31166803623885,10.0641025641026,0.797571192988247,0.711538461538462,0.967948717948718,156
"LosAlamos-ThinMint",2026-06-06,0.53418125948421,0.865431500897967,8.05419732441472,0.547537943571159,1.28474814940748,1.27385405552107,10.1442307692308,0.838446840945284,0.778846153846154,0.942307692307692,104
"LosAlamos-ThinMint",2026-06-13,0.546689523893877,0.809260788738452,8.85367892976589,0.546126168327043,1.3155420956087,1.3194542034811,9.11538461538461,0.7588464434621,0.826923076923077,0.961538461538462,52
"LosAlamos_NAU-CModel_Flu",2026-05-02,0.95660742523777,1.02478672653507,8.10794314381271,0.346188936664284,1.23503747387032,1.27130956871907,10.75,0.472568009487474,0.288461538461538,0.615384615384615,52
"LosAlamos_NAU-CModel_Flu",2026-05-09,0.657685270060656,0.705855078166365,6.72000836120401,0.302832612926383,0.989038103939913,0.921975851290568,8.93269230769231,0.419639124691157,0.269230769230769,0.778846153846154,104
"LosAlamos_NAU-CModel_Flu",2026-05-16,0.493126774739469,0.624743419592177,5.54101170568562,0.288799551309286,0.962925527072292,0.915865310355556,7.62820512820513,0.397864260341028,0.365384615384615,0.730769230769231,156
"LosAlamos_NAU-CModel_Flu",2026-05-23,0.574943931823898,0.758503741518023,7.11745610367893,0.386170005071203,1.16698932716062,1.05377168104665,9.24038461538461,0.501417462727767,0.317307692307692,0.615384615384615,208
"LosAlamos_NAU-CModel_Flu",2026-05-30,0.528078774873757,0.803167025043465,6.65249581939799,0.441606555889388,1.0312229051127,1.03064810008919,8.74038461538461,0.584063785868369,0.264423076923077,0.615384615384615,208
"LosAlamos_NAU-CModel_Flu",2026-06-06,0.511682948828616,0.783870650981945,7.51251393534002,0.492412989322961,1.24540746226529,0.974263175434752,9.41666666666667,0.635541247993588,0.269230769230769,0.551282051282051,156
"LosAlamos_NAU-CModel_Flu",2026-06-13,0.40174719615762,0.711847281227127,5.99408862876254,0.455109490955882,1.15313293350881,1.03014601290842,7.38461538461539,0.558875438838232,0.365384615384615,0.586538461538462,104
"LosAlamos_NAU-CModel_Flu",2026-06-20,0.372529654582148,0.703127171160044,6.65394648829431,0.498736223604819,0,0,7.92307692307692,0.625519679705213,0.269230769230769,0.557692307692308,52
"MIGHTE-Joint",2026-05-02,0.800991866508608,0.823399501261525,6.42154037868864,0.262906974371068,1.18211798645666,1.07923659338774,9.92431131580927,0.386889657312608,0.673076923076923,0.980769230769231,52
"MIGHTE-Joint",2026-05-09,0.655168512200065,0.676713220613832,6.21755402127531,0.273329969779759,0.920138495400115,0.868937690859525,8.19601903839524,0.387106238849487,0.701923076923077,1,104
"MIGHTE-Joint",2026-05-16,0.530238418919317,0.620421412579676,5.7270916292311,0.284041961742934,0.763731752733456,0.825242262438111,6.18340960259052,0.373824433969126,0.775641025641026,0.980769230769231,156
"MIGHTE-Joint",2026-05-23,0.508003501290704,0.605137505432947,6.2432579666125,0.307732689067755,0.819950000396458,0.864513070242364,6.57378827189267,0.417443670681098,0.783653846153846,0.985576923076923,208
"MIGHTE-Joint",2026-05-30,0.511402300317501,0.598398302690032,6.28402640060117,0.323707191060354,0.736109567593587,0.797256825149616,6.24934409030687,0.453964580370969,0.725961538461538,0.985576923076923,208
"MIGHTE-Joint",2026-06-06,0.479997535900755,0.603614994263612,6.46189263468155,0.355462343218018,0.884668113193563,0.825720385861947,6.1588257092365,0.504828977454485,0.66025641025641,0.993589743589744,156
"MIGHTE-Joint",2026-06-13,0.407375414063131,0.53531945461156,6.212613570967,0.355975476761695,0.767936577200588,0.806047097943918,5.44655067529342,0.491391857156489,0.625,0.980769230769231,104
"MIGHTE-Joint",2026-06-20,0.405079671269718,0.589833401737214,6.67550803047413,0.404976691977055,0.786539956690185,0.834342120499446,5.4375575247762,0.563840578704336,0.596153846153846,1,52
"MIGHTE-Nsemble",2026-05-02,0.782598900989258,0.756922562224082,6.31877231904343,0.244392491030163,1.24405325829413,1.09137558686308,10.4553916577223,0.392125956475093,0.538461538461538,0.980769230769231,52
"MIGHTE-Nsemble",2026-05-09,0.636279360562325,0.650828210390354,6.16091004778268,0.266563926158136,0.98473079239678,0.917273984285526,9.02549397703825,0.419382394855568,0.528846153846154,0.961538461538462,104
"MIGHTE-Nsemble",2026-05-16,0.428179592043174,0.590178404988901,4.74615225862014,0.275732145210488,0.895234868108165,0.947569365222269,7.13984851122032,0.421146595481604,0.583333333333333,0.961538461538462,156
"MIGHTE-Nsemble",2026-05-23,0.402171443271284,0.567281906965709,4.98258287238371,0.289299715123226,0.981273446031074,0.960741363067009,7.76633115261884,0.455081189274695,0.495192307692308,0.942307692307692,208
"MIGHTE-Nsemble",2026-05-30,0.360366025441515,0.525554029097361,4.48970357301354,0.289177728533878,0.748901391464912,0.793981329989553,6.35356376542089,0.453875740410577,0.514423076923077,0.913461538461538,208
"MIGHTE-Nsemble",2026-06-06,0.320094132346147,0.527629104970997,4.30501130929267,0.310201849487329,0.968488629686178,0.80627283075303,6.83443885362461,0.49401730602956,0.41025641025641,0.948717948717949,156
"MIGHTE-Nsemble",2026-06-13,0.247175121590778,0.450306434060962,3.84626412666121,0.304914223150101,0.839783845163757,0.808406598562946,5.85943049358561,0.482090422030654,0.451923076923077,0.923076923076923,104
"MIGHTE-Nsemble",2026-06-20,0.234924798386505,0.523983716934081,3.85900655048983,0.359310550303483,0.783434720070843,0.809329356624488,5.34751908367124,0.539806116900477,0.480769230769231,0.846153846153846,52
"MOBS-EpyStrain_Flu",2026-05-02,0.862307616452509,0.979311032432694,6.53664961636829,0.312476630563884,1.36906404644244,1.40404311874242,10.5686274509804,0.492085153644953,0.470588235294118,0.92156862745098,51
"MOBS-EpyStrain_Flu",2026-05-09,0.667384458419276,0.766003228854876,6.12753623188406,0.31078398619035,1.22264443205707,1.15311010512074,10.0588235294118,0.494352324557508,0.519607843137255,0.931372549019608,102
"MOBS-EpyStrain_Flu",2026-05-16,0.484562377248308,0.675383231999309,5.15514066496164,0.313842236266336,1.0843113597017,1.12824678557144,8.20915032679738,0.494385441244423,0.470588235294118,0.947712418300654,153
"MOBS-EpyStrain_Flu",2026-05-23,0.435981881519082,0.642563109914516,4.67425120772947,0.307338057494175,1.14362942470854,1.09284701850509,7.62091503267974,0.479283506473645,0.522875816993464,0.96078431372549,153
"MOBS-EpyStrain_Flu",2026-05-30,0.360464305792964,0.560826253907365,4.29641943734015,0.307092240247959,0.8085056214667,0.870728592693702,6.35294117647059,0.48901950359547,0.5,0.980392156862745,204
"MOBS-EpyStrain_Flu",2026-06-06,0.316906000579417,0.477746779778396,4.11467746518897,0.279408005230594,0.989467362564997,0.711887519189719,6.67320261437909,0.429450980440629,0.529411764705882,1,153
"MOBS-EpyStrain_Flu",2026-06-13,0.241172888215511,0.434223685345636,3.68755754475703,0.296767537549051,0.888964858314683,0.75740302077382,6.05882352941176,0.458888979731152,0.617647058823529,0.980392156862745,102
"MOBS-EpyStrain_Flu",2026-06-20,0.215251713449557,0.46190650093258,3.27216538789429,0.31152515873699,0.84649862124128,0.757703182998154,5.25490196078431,0.494878670413937,0.529411764705882,0.901960784313726,51
"MOBS-GLEAM_RL_FLUH",2026-05-02,0.93533075725441,0.851732195353401,7.56514020343647,0.289480548109968,1.37779407256658,1.13860809245217,11.4962541986914,0.42850602838831,0.294117647058824,0.705882352941177,51
"MOBS-GLEAM_RL_FLUH",2026-05-09,0.761606990237266,0.820154632469251,6.72815914390263,0.323519635102036,1.30916259865288,1.12900488676951,10.3713095933199,0.473331420165609,0.245098039215686,0.686274509803922,102
"MOBS-GLEAM_RL_FLUH",2026-05-16,0.587814274530574,0.663532897838768,5.97819959860395,0.295666538044674,1.25180160614564,1.03421318537372,8.84306299306598,0.424155739145601,0.34640522875817,0.764705882352941,153
"MOBS-GLEAM_RL_FLUH",2026-05-23,0.491025226674479,0.594037163205605,5.84977118288662,0.30624959550392,1.21049601133647,0.952526939470485,9.16196444096938,0.453038421007221,0.284313725490196,0.75,204
"MOBS-GLEAM_RL_FLUH",2026-05-30,0.552548511092693,0.697584013971888,6.33115937387286,0.368684025762116,1.28755503266946,0.99844318748735,9.63537481261016,0.533458203764469,0.264705882352941,0.67156862745098,204
"MOBS-GLEAM_RL_FLUH",2026-06-06,0.547204511490851,0.684795979554,7.06114379860554,0.394344823558447,1.59684106851601,0.945973386320575,10.7928342037816,0.572241341088998,0.196078431372549,0.607843137254902,153
"MOBS-GLEAM_RL_FLUH",2026-06-13,0.52387506138449,0.68910412730657,7.85643927684452,0.452770012280839,1.81828955825957,1.1377057762287,11.5920303219601,0.629611718140921,0.225490196078431,0.617647058823529,102
"MOBS-GLEAM_RL_FLUH",2026-06-20,0.599932760194431,0.80927433592369,8.93699045336118,0.526568658632257,2.08875878573617,1.117960661489,12.8796107792387,0.71364049961247,0.196078431372549,0.509803921568627,51
"NAU-FourCAT",2026-05-02,0.794251574563715,0.949454745654853,6.19883779264214,0.296600393199853,1.13053055989425,1.26061912095311,9.11538461538461,0.441546696221373,0.615384615384615,0.980769230769231,52
"NAU-FourCAT",2026-05-09,0.566228291482436,0.777464791868934,5.42356605351171,0.314354536896168,0.889923387303312,1.01035960712734,7.73076923076923,0.439902262722427,0.557692307692308,0.980769230769231,104
"NAU-FourCAT",2026-05-16,0.395453678227328,0.696646307151673,4.32307692307692,0.318912811603736,0.756217084573313,0.965187284700242,5.85897435897436,0.411498645955051,0.641025641025641,0.974358974358974,156
"NAU-FourCAT",2026-05-23,0.369647590581161,0.649798778389115,4.56419314381271,0.333620228738789,0.795332727098724,0.972321892299859,6.32211538461539,0.468377119872875,0.649038461538462,0.961538461538462,208
"NAU-FourCAT",2026-05-30,0.334728270634128,0.622659275666113,4.18994356187291,0.341192601271342,0.699284749052692,0.883746555073626,5.97115384615385,0.506887706931789,0.615384615384615,1,208
"NAU-FourCAT",2026-06-06,0.292849770096266,0.600612681553869,4.13119843924192,0.372495050189023,0.841013603269308,0.904622788621632,6.33333333333333,0.600516482683955,0.544871794871795,0.974358974358974,156
"NAU-FourCAT",2026-06-13,0.2428438753576,0.512228558256376,3.79487040133779,0.344102158652064,0.893265327501654,0.903311605145337,6.02884615384615,0.522632147471209,0.567307692307692,0.980769230769231,104
"NAU-FourCAT",2026-06-20,0.234697786192431,0.537888190821083,4.05464882943144,0.388099617051556,0.856533073056408,0.888985551690247,6.34615384615385,0.638245545449474,0.557692307692308,0.961538461538462,52
"NAU-epymorph",2026-05-02,0.755553088283984,0.823605542638162,5.86202341137124,0.259683800030494,1.09803134512289,1.1560358924283,8.86538461538461,0.406847546930534,0.461538461538462,0.923076923076923,52
"NAU-epymorph",2026-05-09,0.628196846312345,0.651819780581127,6.04872909698997,0.264172316223033,1.08696420757282,0.971212585618274,9.40384615384615,0.419702827230816,0.509615384615385,0.942307692307692,104
"NAU-epymorph",2026-05-16,0.532883355818473,0.566324100617502,5.80121516164994,0.257787754629916,1.18824424450942,0.943682414847087,9.01923076923077,0.397405900820837,0.564102564102564,0.980769230769231,156
"NAU-epymorph",2026-05-23,0.550928325298418,0.601624405595733,6.73107441471572,0.304091624827143,1.36555296218151,1.0308797853068,10.6105769230769,0.48260591976621,0.524038461538462,0.975961538461538,208
"NAU-epymorph",2026-05-30,0.553891262934091,0.648634966852591,7.00749163879599,0.356164535896762,1.22611248285253,0.968615115159267,10.7596153846154,0.560224949932078,0.466346153846154,0.927884615384615,208
"NAU-epymorph",2026-06-06,0.471003114162961,0.616043855907044,6.49571348940914,0.369156068585701,1.41148050863849,0.978599418006657,10.0833333333333,0.606469799772685,0.461538461538462,0.967948717948718,156
"NAU-epymorph",2026-06-13,0.38149005966941,0.563536340542179,5.92612040133779,0.381846408833252,1.34438517367425,1.03767829155762,9.22115384615385,0.612300147435119,0.480769230769231,0.971153846153846,104
"NAU-epymorph",2026-06-20,0.376296528113974,0.625346906529565,6.25901337792642,0.433361589930641,1.32594526795594,1.04541315599058,9.17307692307692,0.701652070423843,0.461538461538462,0.961538461538462,52
"NAU-vulPES",2026-05-02,0.709357197309761,0.695608982708986,5.71939799331104,0.225548857276444,0.999271900126785,0.978481998063835,8.48076923076923,0.359517055692024,0.596153846153846,0.961538461538462,52
"NAU-vulPES",2026-05-09,0.549792470494607,0.639677754254505,5.27834448160535,0.261680997422567,0.874843065510784,0.938102195161485,7.77884615384615,0.420882874233231,0.576923076923077,0.961538461538462,104
"NAU-vulPES",2026-05-16,0.383402104910635,0.55278099355692,4.24612876254181,0.258717208714077,0.73641549663208,0.892233721848725,5.92948717948718,0.400857558185162,0.641025641025641,0.980769230769231,156
"NAU-vulPES",2026-05-23,0.362716597017771,0.540998900449317,4.54281981605351,0.281801047242908,0.768364068178592,0.868042614750453,6.32692307692308,0.431520849298196,0.605769230769231,0.971153846153846,208
"NAU-vulPES",2026-05-30,0.353992102127636,0.560049946669784,4.47528428093645,0.310823485956296,0.748269798785088,0.872775606007384,6.4375,0.503361233346941,0.605769230769231,0.971153846153846,208
"NAU-vulPES",2026-06-06,0.29361982894835,0.540418989093783,4.08728260869565,0.331112136000832,0.833057773451208,0.862283828615707,6.12820512820513,0.555701187729024,0.525641025641026,0.980769230769231,156
"NAU-vulPES",2026-06-13,0.229365270227098,0.464320826330553,3.59510451505017,0.314789376068631,0.763319608129659,0.843221995547847,5.25961538461539,0.497727510361421,0.576923076923077,0.990384615384615,104
"NAU-vulPES",2026-06-20,0.234810176721745,0.523640759351485,3.9736872909699,0.369015444932394,0.832666368792179,0.884726502747575,5.86538461538461,0.608396972529905,0.5,0.961538461538462,52
"NEU_ISI-AdaptiveEnsemble",2026-05-02,0.700906567574752,0.801507672596478,5.39672582076309,0.252228317082125,1.05268509748735,1.11544651834876,8.38775510204082,0.391313242318368,0.387755102040816,0.877551020408163,49
"NEU_ISI-AdaptiveEnsemble",2026-05-09,0.460740861247178,0.578226043703274,4.44261756876664,0.241854443773536,0.724262803564779,0.778389926043406,6.35714285714286,0.350472256995114,0.5,0.857142857142857,98
"NEU_ISI-AdaptiveEnsemble",2026-05-16,0.34604851070101,0.552195272561682,3.84523795534665,0.269254962015829,0.708639747211977,0.784355886496255,5.87837837837838,0.375146303636781,0.486486486486487,0.844594594594595,148
"NEU_ISI-AdaptiveEnsemble",2026-05-23,0.337550249257837,0.537461635393414,4.12707070707071,0.283398193556423,0.791750733100726,0.85192624612848,6.26262626262626,0.420302196901854,0.48989898989899,0.853535353535353,198
"NEU_ISI-AdaptiveEnsemble",2026-05-30,0.343343364291984,0.593969287860071,4.26750434782609,0.341283709135414,0.764880091541802,0.84931372284255,6.28,0.496737899681918,0.41,0.805,200
"NEU_ISI-AdaptiveEnsemble",2026-06-06,0.324963124423763,0.6133774386953,4.38223725885402,0.373378774379822,0.919672338257257,0.816452420710268,6.52980132450331,0.520041819692361,0.410596026490066,0.741721854304636,151
"NEU_ISI-FluBcast",2026-05-02,0.932782904158537,0.791355084229195,7.91519848771267,0.254135437039302,1.19902100443728,1.06400461157252,10.3913043478261,0.378554912246535,0.304347826086957,0.739130434782609,46
"NEU_ISI-FluBcast",2026-05-09,0.777048995472837,0.747826545417505,7.6217729468599,0.282932047450334,1.15992719121079,1.03410104394257,10.0888888888889,0.410861729362359,0.288888888888889,0.666666666666667,90
"NEU_ISI-FluBcast",2026-05-16,0.530005495309485,0.666330253727653,6.04179428942245,0.301260858192349,1.01700264902952,1.00881321146837,8.03731343283582,0.417183062382411,0.373134328358209,0.626865671641791,134
"NEU_ISI-FluBcast",2026-05-23,0.530917420511536,0.681736900756053,7.01807141122176,0.356609375110456,1.08084809163104,1.0029696089944,9.15642458100559,0.485872400689585,0.29608938547486,0.564245810055866,179
"NEU_ISI-FluBcast",2026-05-30,0.422528796216299,0.596314183893959,5.51351778656127,0.316437743091841,0.867339113935905,0.835512577664974,7.3125,0.43671317489239,0.301136363636364,0.670454545454545,176
"NEU_ISI-FluBcast",2026-06-06,0.413368074819442,0.613961426172714,5.87655467720685,0.345895680707335,1.01830165718515,0.785688472879573,7.5530303030303,0.460884498374283,0.325757575757576,0.590909090909091,132
"NEU_ISI-FluBcast",2026-06-13,0.242998840471696,0.467891542277419,4.09802371541502,0.322550432840204,0.762443003613704,0.762310884195388,5.43181818181818,0.439760764575997,0.375,0.659090909090909,88
"NEU_ISI-FluBcast",2026-06-20,0.245968184543484,0.609104234085806,4.02669362992922,0.395364499845077,0.803141863040246,0.828173753191652,5.41860465116279,0.522510998540605,0.348837209302326,0.581395348837209,43
"NIH-Flu_ARIMA",2026-05-02,1.12885279447481,1.10277010024917,9.43591645353794,0.384987319774279,1.43424854847505,1.32522377179333,12.0588235294118,0.502116568482646,0.215686274509804,0.588235294117647,51
"NIH-Flu_ARIMA",2026-05-09,0.963334408579936,1.07886779713155,8.71101023017903,0.429812869981918,1.4842945180075,1.42731294872352,11.9901960784314,0.60391572615353,0.235294117647059,0.764705882352941,102
"NIH-Flu_ARIMA",2026-05-16,0.672997415470516,0.970147879398959,7.0166382495027,0.436444817180551,1.40917706732281,1.55020296580024,10.2679738562092,0.648679783575646,0.30718954248366,0.843137254901961,153
"NIH-Flu_ARIMA",2026-05-23,0.592485814412792,0.872151751346219,7.22358695652174,0.448388318801989,1.32875141722772,1.37696880880432,10.4460784313725,0.666514550183341,0.318627450980392,0.867647058823529,204
"NIH-Flu_ARIMA",2026-05-30,0.498038432493589,0.789683780983839,6.31758169934641,0.448094103997115,1.12471331175265,1.18211524670118,9.23529411764706,0.680841839948216,0.379084967320261,0.92156862745098,153
"NIH-Flu_ARIMA",2026-06-06,0.425123077350061,0.691505036368234,6.47427109974425,0.452601460516698,1.22876889624544,1.00834026909144,10.0392156862745,0.71419908363554,0.431372549019608,0.96078431372549,102
"NIH-Flu_ARIMA",2026-06-13,0.323677758059523,0.573468435586415,5.24277919863598,0.404340646441775,1.13778125650998,1.09990663920039,8.07843137254902,0.669903677595727,0.450980392156863,0.980392156862745,51
"NU-PGF_FLUH",2026-05-02,0.800189720943848,0.730843640637545,11.4416304347826,0.172332840324791,1.26766865863145,1.05753710014267,19.75,0.26668428130653,0.75,1,4
"NU-PGF_FLUH",2026-05-09,0.577742137468846,0.606910707984505,9.18173913043478,0.161908492565288,0.950139797011038,0.64660112605609,12.625,0.174383500240879,0.875,1,8
"NU-PGF_FLUH",2026-05-16,0.417938634229791,0.606569776256477,8.48199275362319,0.176465200477932,0.677770252260738,0.985371719313205,9.75,0.231305189737658,0.916666666666667,1,12
"NU-PGF_FLUH",2026-05-23,0.404786493385147,0.546004837138768,8.78671195652174,0.196316695022306,0.672516396033916,0.627766312305787,9.3125,0.197089327690164,0.9375,1,16
"NU-PGF_FLUH",2026-05-30,0.343969991298477,0.535740171118151,7.79483695652174,0.203325249458892,0.370946066092773,0.635897306964983,5.8125,0.238952849308476,0.8125,1,16
"NU-PGF_FLUH",2026-06-06,0.352208293655441,0.409351754638779,8.73489130434783,0.263680104691777,1.09536753467887,0.650825886645773,13.3333333333333,0.458891971069276,0.916666666666667,1,12
"NU-PGF_FLUH",2026-06-13,0.266350642901633,0.355955639593785,7.85309782608696,0.213886513708564,1.00526085799679,0.412197003121749,11.875,0.214869662585275,1,1,8
"NU-PGF_FLUH",2026-06-20,0.19097094338023,0.30414684536514,7.9545652173913,0.322568288938615,0.776338449189543,0.585265436179841,13.5,0.549907829341696,1,1,4
"OHT_JHU-nbxd",2026-05-02,0.835626513761614,0.798743235283658,6.71707550167224,0.256549867637952,1.23678869783198,1.08688458525397,10.3213461538462,0.389327355071248,0.634615384615385,0.903846153846154,52
"OHT_JHU-nbxd",2026-05-09,0.643647810122208,0.719726612778291,6.11358992474916,0.292285816713741,1.10167058779357,1.04453057031141,9.60173076923077,0.46085544989846,0.548076923076923,0.923076923076923,104
"OHT_JHU-nbxd",2026-05-16,0.488714557680076,0.601981060102893,5.28642366220736,0.275441039278072,0.994557917438026,0.957656841870523,7.64826923076923,0.412274470610891,0.583333333333333,0.948717948717949,156
"OHT_JHU-nbxd",2026-05-23,0.444150789335985,0.572361833482983,5.57187867892977,0.299547081856955,0.987796004359308,0.909500627804025,8.31302884615385,0.460793153396748,0.543269230769231,0.879807692307692,208
"OHT_JHU-nbxd",2026-05-30,0.359109175812561,0.570826082833522,4.38000654264214,0.312636132341482,0.782863214371855,0.833970549107427,6.52649038461538,0.471194706652344,0.509615384615385,0.860576923076923,208
"OHT_JHU-nbxd",2026-06-06,0.369661247318471,0.591852596304481,5.02555657748049,0.351509081737036,1.10872959053391,0.859762396937215,7.88333333333333,0.529911287714953,0.416666666666667,0.826923076923077,156
"OHT_JHU-nbxd",2026-06-13,0.267654370209284,0.502244624278277,4.14909552675585,0.340850169506254,0.93908430952129,0.869834891726772,6.48048076923077,0.51773342800897,0.442307692307692,0.855769230769231,104
"OHT_JHU-nbxd",2026-06-20,0.237305941728982,0.537902423664419,3.88520994983278,0.369472539582079,0.896919711113033,0.838290413676443,6.11730769230769,0.556629921411859,0.442307692307692,0.730769230769231,52
"PSI-PROF",2026-05-02,0.746149645542403,0.789507468614881,5.93060142140468,0.251239337158,0,0,8.13365384615385,0.363399875819383,0.673076923076923,1,52
"PSI-PROF",2026-05-09,0.618983198462305,0.709934177155532,5.79936275083612,0.283792534532112,0.870834913469869,0.922789006318316,7.92451923076923,0.422884839477843,0.673076923076923,0.980769230769231,104
"PSI-PROF",2026-05-16,0.483231374272214,0.692437357516804,5.1286470735786,0.312122424677949,0.777675457622278,1.01683188341014,6.14333333333333,0.452081650772068,0.75,0.987179487179487,156
"PSI-PROF",2026-05-23,0.434309847370329,0.652459875958314,5.27410466137124,0.331574159943209,0.823089727759152,1.01912409785679,6.59168269230769,0.49991422956966,0.673076923076923,0.966346153846154,208
"PSI-PROF",2026-05-30,0.399468320459289,0.63696356806292,4.92699851588629,0.350494092616379,0.651816889960811,0.86777023379909,5.62985576923077,0.507802792160394,0.653846153846154,0.927884615384615,208
"PSI-PROF",2026-06-06,0.308793933760704,0.560845033585426,4.23040713489409,0.339840819185383,0.719089575062225,0.758628336605347,5.22666666666667,0.48675396827917,0.57051282051282,0.884615384615385,156
"PSI-PROF",2026-06-13,0.231553508431578,0.467512476244407,3.67805861204013,0.320338101264906,0.695461455690542,0.772170946615208,4.75759615384615,0.451702651361879,0.596153846153846,0.894230769230769,104
"PSI-PROF",2026-06-20,0.23480380639241,0.509312137445544,3.97244456521739,0.356491265082874,0.650583998680923,0.694268879577317,4.53557692307692,0.471113966550741,0.576923076923077,0.826923076923077,52
"PSI-PROF_MOA",2026-05-02,0.731815829423378,0.776462979825044,5.98764255852843,0.256645624477442,0.919061676976579,1.01626517243233,8.165,0.395002767277594,0.730769230769231,0.980769230769231,52
"PSI-PROF_MOA",2026-05-09,0.624822266627881,0.658285855365533,5.92723503344482,0.263803722466999,0.885663126792855,0.861737859422988,7.87048076923077,0.384875525141106,0.721153846153846,1,104
"PSI-PROF_MOA",2026-05-16,0.481776691363057,0.623347904306447,5.27543216276477,0.286218141322083,0.782863577347704,0.9320109344538,6.22089743589744,0.416831723330415,0.717948717948718,0.987179487179487,156
"PSI-PROF_MOA",2026-05-23,0.434035564436925,0.606467809959086,5.45977775919732,0.315954162964456,0.754500177181264,0.881604556561565,6.36129807692308,0.45626346990307,0.692307692307692,0.966346153846154,208
"PSI-PROF_MOA",2026-05-30,0.442712887400176,0.637142490921696,5.57933156354515,0.350564927619924,0.744286101312403,0.869018582857071,6.42105769230769,0.501652205895431,0.668269230769231,0.913461538461538,208
"PSI-PROF_MOA",2026-06-06,0.339334646354863,0.568451914358891,4.63343712374582,0.340558968668799,0.804198579289665,0.817802327755193,5.80660256410256,0.519935927093879,0.57051282051282,0.916666666666667,156
"PSI-PROF_MOA",2026-06-13,0.291283857462957,0.500470283551851,4.61900539297659,0.344381216192184,0.857559804590754,0.838809460741167,5.99740384615385,0.503844884200102,0.586538461538462,0.894230769230769,104
"PSI-PROF_MOA",2026-06-20,0.314088061558779,0.597946277356891,5.28771245819398,0.416120744858702,0.856681050520177,0.82872655774638,6.19230769230769,0.580170265785462,0.576923076923077,0.807692307692308,52
"SigSci-TSENS",2026-05-02,1.22404891628491,1.54312872701821,9.46826086956522,0.494449183620155,1.33279396231372,1.33187431311792,11.32,0.503923989098471,0.92,1,50
"SigSci-TSENS",2026-05-09,1.07155130791007,1.67753132452449,9.9382652173913,0.662125653225415,1.67035725794133,2.89873258402017,14.46,1.2429622827027,0.91,1,100
"SigSci-TSENS",2026-05-16,0.965086343648722,1.42804507618947,10.2421942028986,0.643014238781974,1.4497811467778,2.46984025383656,11.44,1.08472672918748,0.973333333333333,1,150
"SigSci-TSENS",2026-05-23,0.93752671130222,1.29649164035479,11.3809413043478,0.652394223031167,1.30715101883621,1.8901274308633,10.695,0.950959354447959,0.98,1,200
"SigSci-TSENS",2026-05-30,0.916908783279542,1.22256517523229,10.893697826087,0.637423178818443,1.0658794821327,1.52221021980101,8.63,0.837604414812421,1,1,200
"SigSci-TSENS",2026-06-06,0.906493039499367,1.11114673026242,12.2045014492754,0.670332095185641,1.02131631324349,1.12955818242903,7.54,0.747649393428453,0.993333333333333,1,150
"SigSci-TSENS",2026-06-13,0.834283712583046,1.09054404205272,12.3582434782609,0.692711289357221,0.909826285551582,1.5984054316714,5.97,0.90034263448874,1,1,100
"SigSci-TSENS",2026-06-20,0.835355777247474,1.0188879108359,13.0382608695652,0.703696872747409,0.75556065594675,1.07813515798601,5.38,0.884925192321381,1,1,50
"UGA_CEID-Walk",2026-05-02,0.741767684723221,0.764968547927387,6.11872518394649,0.255645425106583,0.963882658114672,0.937958959734284,9.05765384615385,0.383709172585314,0.576923076923077,0.923076923076923,52
"UGA_CEID-Walk",2026-05-09,0.646541758956901,0.768704513346431,6.04998800167224,0.306897227788625,1.05237627053219,1.03182186194736,8.90864423076923,0.440360417918754,0.644230769230769,0.913461538461538,104
"UGA_CEID-Walk",2026-05-16,0.501516217478061,0.686046189670378,5.44566852564103,0.313297588998934,1.02911414371011,1.05624573821755,7.82458974358974,0.449378216734974,0.666666666666667,0.987179487179487,156
"UGA_CEID-Walk",2026-05-23,0.482393373503035,0.672477689184366,6.48947501114827,0.372144477416872,1.07328599110894,1.05556680880595,9.22769230769231,0.557078493629157,0.698717948717949,0.980769230769231,156
"UGA_CEID-Walk",2026-05-30,0.458418791926579,0.694635232188213,5.71404086399108,0.376056017485715,1.05310705296639,1.01734802908319,8.65705128205128,0.565253048343426,0.634615384615385,0.961538461538462,156
"UGA_CEID-Walk",2026-06-06,0.384819864636917,0.688318106596762,5.13605902173913,0.409744319671753,1.09447639672938,1.06997527409957,7.45908653846154,0.662627268544801,0.682692307692308,0.961538461538462,104
"UGA_CEID-Walk",2026-06-13,0.311516329032342,0.581764034204842,4.38325962374582,0.364805160234935,Inf,Inf,5.99775,0.527514253989625,0.711538461538462,0.942307692307692,52
"UGA_CEID-Walk",2026-06-20,0.308064032203285,0.605484251057311,5.17234989130435,0.425574428023874,1.00615046838365,0.990509773751428,7.07651923076923,0.682252370276986,0.653846153846154,0.980769230769231,52
"UGA_CEID-auto_AVG_LB",2026-05-02,0.695117405740026,0.74376620107759,5.50365792556636,0.237176340063562,1.06532978507159,1.00630867541407,8.70966882784587,0.353037618089208,0.557692307692308,0.923076923076923,52
"UGA_CEID-auto_AVG_LB",2026-05-09,0.461017959680028,0.529765862650349,4.38536222252768,0.214310200084587,0.781609276677182,0.766164163190502,6.71695004242851,0.330277063076073,0.576923076923077,0.913461538461538,104
"UGA_CEID-auto_AVG_LB",2026-05-16,0.371326160988422,0.496270666366492,4.08022107580827,0.230277981280208,0.657735729556191,0.759011861540538,5.06869747786173,0.32954746554533,0.576923076923077,0.942307692307692,156
"UGA_CEID-auto_AVG_LB",2026-05-23,0.350584143806275,0.529520470083862,4.73646285981931,0.297651080597486,0.694092879952211,0.800452224912088,6.05037416891755,0.428554758790992,0.493589743589744,0.891025641025641,156
"UGA_CEID-auto_AVG_LB",2026-05-30,0.393599546984526,0.622293198240829,5.01608005008089,0.347951286955089,0.820231427490293,0.880880336149841,7.00539424280825,0.506767035898794,0.416666666666667,0.82051282051282,156
"UGA_CEID-auto_AVG_LB",2026-06-06,0.364551465691597,0.679854765019132,4.90026609621227,0.401704327895223,0.995001159446978,0.94601418262464,6.8116860872998,0.576644816416529,0.365384615384615,0.769230769230769,104
"UGA_CEID-auto_AVG_LB",2026-06-13,0.318025203006327,0.595550447522062,4.59098580379275,0.378623223163256,Inf,Inf,6.66979362316449,0.550287682378776,0.365384615384615,0.769230769230769,52
"UGA_CEID-auto_AVG_LB",2026-06-20,0.289052152922886,0.646021013656523,4.9280517701825,0.457179058532011,1.00685422366345,0.962972860483392,7.13775144457265,0.659060539575165,0.346153846153846,0.711538461538462,52
"UGA_flucast-Copycat",2026-05-02,0.772662766313707,0.752421278364948,6.34404682274247,0.251747979254145,1.06553549225509,1.04258721313525,9.28846153846154,0.396196929242494,0.596153846153846,0.923076923076923,52
"UGA_flucast-Copycat",2026-05-09,0.697467479407779,0.802677064517318,6.53992474916388,0.323856526499297,1.13426547586039,1.17024095170058,9.59615384615385,0.502628046379839,0.5,0.932692307692308,104
"UGA_flucast-Copycat",2026-05-16,0.546292201628217,0.722340468153018,5.94683389074693,0.334108843609984,1.18667866194932,1.24393171794604,8.99358974358974,0.529221574500909,0.544871794871795,0.948717948717949,156
"UGA_flucast-Copycat",2026-05-23,0.494448637938499,0.674782369457442,6.20914924749164,0.353432456698383,1.17610781260165,1.15025857000879,9.39423076923077,0.55737986500381,0.543269230769231,0.932692307692308,208
"UGA_flucast-Copycat",2026-05-30,0.478421789648732,0.681161348560265,6.00975543478261,0.375745891125506,1.03368309949244,1.02422811903821,8.70192307692308,0.575228350584976,0.557692307692308,0.927884615384615,208
"UGA_flucast-Copycat",2026-06-06,0.350861391649101,0.638039300479479,4.86258918617614,0.392943229124104,1.01963475414431,0.985479405948738,7.45512820512821,0.636081432613251,0.493589743589744,0.92948717948718,156
"UGA_flucast-Copycat",2026-06-13,0.28291591785556,0.519341622431661,4.46880016722408,0.35542483215648,0.98730145672687,0.934107479788896,6.80769230769231,0.551569254114257,0.557692307692308,0.942307692307692,104
"UGA_flucast-Copycat",2026-06-20,0.295846963706611,0.610657696341098,5.00228260869565,0.431436845409274,0.988870301698842,0.962699183683486,7.09615384615385,0.672613645197777,0.5,0.903846153846154,52
"UGA_flucast-INFLAenza",2026-05-02,0.780461516149381,0.729005597532819,6.24794360367893,0.232840261866288,1.12066622223987,0.992500811867207,9.26923076923077,0.351058727861458,0.519230769230769,0.961538461538462,52
"UGA_flucast-INFLAenza",2026-05-09,0.57619061284749,0.585089197636955,5.57341569816053,0.237774435062674,1.00379897709247,0.855263404209608,8.75961538461539,0.372690666530284,0.596153846153846,0.942307692307692,104
"UGA_flucast-INFLAenza",2026-05-16,0.399709412440301,0.510422664570126,4.40644809085842,0.234951944018572,0.875539038654354,0.822900462442148,6.97115384615385,0.365723559323821,0.634615384615385,0.967948717948718,156
"UGA_flucast-INFLAenza",2026-05-23,0.40508775330375,0.52988732672905,5.0372614548495,0.270787292816525,1.04428702375647,0.895449496950649,8.26923076923077,0.427483624161904,0.5625,0.985576923076923,208
"UGA_flucast-INFLAenza",2026-05-30,0.379766158562488,0.532148784681361,4.79369566262542,0.292449357898191,0.925461341831862,0.827234321683184,8.04567307692308,0.474611974836604,0.552884615384615,0.971153846153846,208
"UGA_flucast-INFLAenza",2026-06-06,0.350223203414327,0.488166148589315,4.82579371516165,0.289494563811358,1.10915728297791,0.771013899848678,7.91346153846154,0.472245722793892,0.551282051282051,0.974358974358974,156
"UGA_flucast-INFLAenza",2026-06-13,0.270407125771453,0.458942083567231,4.18149439799331,0.303722957062558,1.04958673613371,0.875781456898768,6.84134615384615,0.486162762944146,0.557692307692308,0.961538461538462,104
"UGA_flucast-INFLAenza",2026-06-20,0.258128567777725,0.459599744635886,4.36388996655518,0.31641071742873,1.07647292643883,0.791211385037409,7.53846153846154,0.522483104378628,0.634615384615385,0.980769230769231,52
"UGA_flucast-Scenariocast",2026-05-09,0.578122197970728,0.732115643987331,4.48846153846154,0.266175636790585,0.961148824901615,1.03350293664633,6.94230769230769,0.412553501553467,0.461538461538462,0.903846153846154,52
"UGA_flucast-Scenariocast",2026-05-16,0.411665673755382,0.625691615874232,3.87421822742475,0.263382791367178,0.859871699229689,1.04756552207536,5.68269230769231,0.421808145193194,0.538461538461538,0.942307692307692,104
"UGA_flucast-Scenariocast",2026-05-23,0.371011289098235,0.578368372211093,4.03833054626533,0.273339717116255,0.866815646974094,0.991457353911137,6.02564102564103,0.435497661268904,0.5,0.955128205128205,156
"UGA_flucast-Scenariocast",2026-05-30,0.380309754682554,0.602501766502636,4.81600752508361,0.335901930555733,0.796688262462215,0.909182288250647,6.86057692307692,0.525084066658393,0.519230769230769,0.932692307692308,208
"UGA_flucast-Scenariocast",2026-06-06,0.310388030512934,0.594179254057159,4.31310200668896,0.364919783386302,0.881500702660528,0.914306152944782,6.53205128205128,0.594595591880267,0.493589743589744,0.942307692307692,156
"UGA_flucast-Scenariocast",2026-06-13,0.244462748835129,0.491757749125361,3.85108695652174,0.336833008476229,0.848792707170175,0.929675664163208,5.79807692307692,0.546021012478486,0.557692307692308,0.971153846153846,104
"UGA_flucast-Scenariocast",2026-06-20,0.259116351675847,0.586895016270847,4.3677508361204,0.414092383308926,0.845207677703779,0.930895982484121,6.15384615384615,0.662202981468027,0.461538461538462,0.923076923076923,52
"UI_CompEpi-EpiGen",2026-05-23,0.609816154244691,0.848588091103098,5.26322250639386,0.3205159040237,1.41456490200713,1.26173286796167,8.07843137254902,0.431217264435311,0.803921568627451,0.980392156862745,51
"UI_CompEpi-EpiGen",2026-05-30,0.608672838654185,0.865514282646108,6.5256010230179,0.443467834946245,1.23131608768122,1.23769412319494,9.17647058823529,0.648112678333013,0.666666666666667,0.980392156862745,51
"UI_CompEpi-EpiGen",2026-06-06,0.584990342597648,0.866446371985946,7.81381074168798,0.51984283790234,1.70308730966003,1.25544952216434,12.4117647058824,0.800268689822044,0.647058823529412,0.980392156862745,51
"UI_CompEpi-EpiGen",2026-06-13,0.572604655193763,0.825426718589827,8.89089514066496,0.563347064196858,2.13932099004875,1.61185745778465,14.2352941176471,0.949809512314637,0.666666666666667,1,51
"UM-DeepOutbreak",2026-05-09,1.2700505822334,1.13510831469326,9.61860546793667,0.39880087662758,1.07758245784997,1.05453061502014,7.51085172616682,0.406103702960591,0.826923076923077,1,52
"UM-DeepOutbreak",2026-05-16,1.29313014305132,1.09498319021164,11.8171134173742,0.443584716403963,1.31055134118341,1.08546616183473,8.30226358078125,0.414201028979136,0.913461538461538,1,104
"UM-DeepOutbreak",2026-05-23,1.31691084999711,1.06070010543287,14.4126527870804,0.493525381945435,1.29107167560078,1.14374425947242,9.37643341641285,0.524474867630546,0.942307692307692,1,156
"UM-DeepOutbreak",2026-05-30,1.46952029962707,1.12295894600419,19.6228782351764,0.626403674495032,1.66231950277171,1.3863288235421,14.5808908303574,0.812220989730229,0.942307692307692,1,156
"UM-DeepOutbreak",2026-06-06,1.244175212927,1.00223928402941,18.3811089089115,0.63362828255159,1.97870666519183,1.34575989612025,15.0581732097809,0.885320996690216,0.884615384615385,1,104
"UM-DeepOutbreak",2026-06-13,0.723694653048151,0.855896975697677,11.393962257877,0.578356103289592,1.4539913388045,1.3411106038359,10.0215817360514,0.803764813646891,0.923076923076923,1,52
"UMass-AR2",2026-05-02,1.06836486888586,0.875099443861808,8.65977673766175,0.286388185065245,1.43771130827038,1.17265525245516,12.0698480335188,0.424116601265992,0.634615384615385,0.961538461538462,52
"UMass-AR2",2026-05-09,0.883323751252366,0.878208355248231,8.15695221590946,0.345663786480281,1.4032203746773,1.17794911527617,11.6381874064546,0.490863520207959,0.701923076923077,0.961538461538462,104
"UMass-AR2",2026-05-16,0.797015414228697,0.844004097830679,8.46267236294177,0.376698037913646,1.61341667840691,1.31305499154251,11.9399296421662,0.540453320927044,0.717948717948718,0.993589743589744,156
"UMass-AR2",2026-05-23,0.791872731765991,0.812143093725199,9.76560178569361,0.413180950127237,1.69640204088997,1.288386956208,13.4568145077109,0.615100870867845,0.778846153846154,1,208
"UMass-AR2",2026-05-30,0.744903556139782,0.833287590253079,9.14528932429978,0.444672013153359,1.49996233077016,1.2524216232867,12.3781955222466,0.684976945863408,0.725961538461538,1,208
"UMass-AR2",2026-06-06,0.709315094854993,0.855942398647625,9.64685558067828,0.508916144937936,1.71777907142749,1.32464720864152,12.2190116823601,0.824904124919129,0.807692307692308,1,156
"UMass-AR2",2026-06-13,0.711264901930532,0.838494817913642,10.6437918256068,0.543902267430441,2.10983107798541,1.58929089010263,13.5516446241356,0.882545604833039,0.826923076923077,1,104
"UMass-AR2",2026-06-20,0.769225970997966,0.88800512426144,12.624508208398,0.603890391671227,2.31475033832072,1.48228435094419,16.7947499953632,1.04209576363924,0.807692307692308,1,52
"UMass-flusion",2026-05-02,0.789170398599194,0.782518726525584,6.33348848640726,0.250013656585642,1.1144447459452,1.08657044911774,9.21412756549649,0.385803673713242,0.442307692307692,0.923076923076923,52
"UMass-flusion",2026-05-09,0.513109814930956,0.62612995024872,5.05688403075001,0.259495027579539,0.827713106919574,0.872430666170901,7.61776367520642,0.402480359555443,0.432692307692308,0.951923076923077,104
"UMass-flusion",2026-05-16,0.320903888615645,0.53184829319503,3.57010408376757,0.248898809743685,0.640840446644401,0.805344312337413,5.20443443448582,0.366389437185318,0.532051282051282,0.92948717948718,156
"UMass-flusion",2026-05-23,0.313379474017252,0.507335591144631,3.93070859482947,0.263643170896376,0.710362497741065,0.824190835294067,5.76255530266812,0.406359527505489,0.519230769230769,0.961538461538462,208
"UMass-flusion",2026-05-30,0.306716739325148,0.534316466508573,3.88912692661635,0.298028661032686,0.641472829476769,0.774474740417679,5.64648697640997,0.458961217395687,0.504807692307692,0.942307692307692,208
"UMass-flusion",2026-06-06,0.278792837880599,0.542312676121052,3.82668105522706,0.326731692176071,0.82686529257379,0.842600673180073,5.89448949297491,0.528013527334483,0.391025641025641,0.942307692307692,156
"UMass-flusion",2026-06-13,0.213656025292799,0.464153184376662,3.3951554884313,0.319741318376509,0.788684996387196,0.864618834986963,5.52479767522345,0.52376611125243,0.442307692307692,0.923076923076923,104
"UMass-flusion",2026-06-20,0.20251597914413,0.476105815096494,3.39944039003211,0.332063417865866,0.797771938893763,0.83842068271297,5.51152466407517,0.563199117852152,0.480769230769231,0.942307692307692,52
"UMass-trends_ensemble",2026-05-02,0.814375369458706,0.805451137827943,6.81425585284281,0.271692776227395,1.09134787432825,1.03986640965714,9.56730769230769,0.39328285233061,0.423076923076923,0.807692307692308,52
"UMass-trends_ensemble",2026-05-09,0.653074771565217,0.799378187794843,6.24289924749164,0.326572260514203,0.97708612145802,1.03829557349571,8.875,0.474044311270736,0.432692307692308,0.759615384615385,104
"UMass-trends_ensemble",2026-05-16,0.454189591934671,0.706815718287464,4.98629877369008,0.328337359191118,0.932268913060963,1.0801296788438,7.36538461538461,0.479097711453735,0.538461538461538,0.852564102564103,156
"UMass-trends_ensemble",2026-05-23,0.429942566943778,0.659012104530675,5.41646739130435,0.346814714358012,0.971303814532664,1.02201658227442,8.01442307692308,0.512397052402589,0.528846153846154,0.870192307692308,208
"UMass-trends_ensemble",2026-05-30,0.422833249585442,0.704143190697421,5.28257002508361,0.38987477580425,0.926906375174269,1.00330607640722,7.76923076923077,0.568737318361991,0.490384615384615,0.841346153846154,208
"UMass-trends_ensemble",2026-06-06,0.366822948620369,0.669899414470191,5.07865802675585,0.410448931704565,1.03732984500431,1.00231993942218,7.46153846153846,0.635647775844221,0.525641025641026,0.858974358974359,156
"UMass-trends_ensemble",2026-06-13,0.268065221763698,0.556735183754789,4.19265886287625,0.382179946398438,0.950030187328261,0.925326874973651,6.47115384615385,0.546726348175633,0.576923076923077,0.884615384615385,104
"UMass-trends_ensemble",2026-06-20,0.259390868916492,0.589925333736486,4.29127090301003,0.412068846982082,1.01656177459576,1.03394096969127,6.97115384615385,0.698143727604985,0.519230769230769,0.961538461538462,52
"UNC_IDD-InfluPaint",2026-05-02,1.41884056823831,1.43066460462723,10.9799812986369,0.455791800015791,2.1610811611285,1.98938703152671,16.9595280631978,0.700125921394066,0.549019607843137,0.92156862745098,51
"UNC_IDD-InfluPaint",2026-05-09,1.0115529713121,1.06291441901114,9.60494040335376,0.435391852090599,1.53669833870421,1.40646497488675,14.1356240023105,0.654167375929337,0.686274509803922,0.96078431372549,102
"UNC_IDD-InfluPaint",2026-05-16,0.645346970449906,0.882098879946152,6.98806921650939,0.407098695739038,1.29182711810945,1.33094396816201,9.8058074373648,0.580361398985812,0.705882352941177,0.947712418300654,153
"UNC_IDD-InfluPaint",2026-05-23,0.635509647247804,0.810102663994655,7.82564564270471,0.419916409080324,1.3986970935782,1.24543020297007,11.376301585536,0.623697364437852,0.705882352941177,0.926470588235294,204
"UNC_IDD-InfluPaint",2026-05-30,0.584896009341386,0.82173030981251,7.12093748899079,0.450873672227911,1.3246136936667,1.20916527624465,10.8768859755583,0.691232220285532,0.627450980392157,0.901960784313726,204
"UNC_IDD-InfluPaint",2026-06-06,0.59292262367907,0.791434850771885,8.24072645265851,0.489307465584779,1.65791212094407,1.17480574252634,12.4895239667715,0.77869220618445,0.542483660130719,0.849673202614379,153
"UNC_IDD-InfluPaint",2026-06-13,0.74540695457992,1.06711597257466,11.2242591468961,0.680852049574303,2.24695011570393,1.96310181163409,14.2001752651164,1.052705408776,0.490196078431373,0.794117647058823,102
"UNC_IDD-InfluPaint",2026-06-20,0.682703595259351,1.0219030738551,11.1482296673435,0.704424310499958,1.92463556768833,1.56037544046763,13.7340518175548,1.11443523459286,0.431372549019608,0.784313725490196,51
"UVAFluX-Ensemble",2026-05-02,0.88708293665344,0.882978589659009,7.085627090301,0.282974028484514,1.19064885278934,1.14433030917092,9.86538461538461,0.410366435697834,0.75,0.942307692307692,52
"UVAFluX-Ensemble",2026-05-09,0.721528327634237,0.813209178758164,6.71765468227425,0.324482378904737,1.05119438907573,1.13769616844297,9.02884615384615,0.492131777279504,0.692307692307692,0.932692307692308,104
"UVAFluX-Ensemble",2026-05-16,0.572939488684843,0.703417946962259,6.12191750278707,0.319275270527786,1.10831223015076,1.14600349950802,8.4551282051282,0.489498492163746,0.705128205128205,0.974358974358974,156
"UVAFluX-Ensemble",2026-05-23,0.574961758235178,0.714305294404169,7.07341764214047,0.368767219232865,1.24865875056055,1.13186921898197,10.0432692307692,0.552082431341836,0.639423076923077,0.956730769230769,208
"UVAFluX-Ensemble",2026-05-30,0.639528140830628,0.827473043265055,7.7452487458194,0.443439708876629,1.40078027624849,1.2349536624908,11.375,0.673826357141044,0.524038461538462,0.908653846153846,208
"UVAFluX-Ensemble",2026-06-06,0.691405618130724,0.970747591464892,9.06817725752508,0.567602924592893,2.02669610004115,1.39888100229136,13.9102564102564,0.856598084852975,0.480769230769231,0.846153846153846,156
"UVAFluX-Ensemble",2026-06-13,0.854647772075808,1.05597590682129,12.954970735786,0.695360727844256,3.20595736480957,1.89041617214532,20.8557692307692,1.05657177131442,0.346153846153846,0.807692307692308,104
"UVAFluX-Ensemble",2026-06-20,1.45903555788677,1.58601633805106,23.5478929765886,1.07421353886965,5.52769852292175,2.31001400156408,37.4230769230769,1.53380739915719,0.192307692307692,0.692307692307692,52
"UVAFluX-FS_OptimWISE",2026-05-02,0.803595775109173,0.851008100777716,6.67071906354515,0.283298060605503,1.14495824618776,1.18737092090768,9.82692307692308,0.439491251022809,0.442307692307692,0.865384615384615,52
"UVAFluX-FS_OptimWISE",2026-05-09,0.554454044907991,0.631358484324584,5.41836956521739,0.262379462078009,0.977130955243259,0.961883566020117,8.61538461538461,0.427818292760136,0.461538461538462,0.942307692307692,104
"UVAFluX-FS_OptimWISE",2026-05-16,0.354871962366329,0.518427201893168,3.87947881828317,0.240536053431538,0.753156964359491,0.889838763065169,5.84615384615385,0.387177655614971,0.58974358974359,0.980769230769231,156
"UVAFluX-FS_OptimWISE",2026-05-23,0.364360995520286,0.512305805431735,4.62135451505017,0.270254338097471,0.879988261957346,0.848586498952937,7.3125,0.425008146499651,0.600961538461538,0.947115384615385,208
"UVAFluX-FS_OptimWISE",2026-05-30,0.32055568122883,0.514487630425119,3.94723244147157,0.281960549044738,0.708221843103301,0.781685416681383,5.89903846153846,0.438117213440644,0.620192307692308,0.980769230769231,208
"UVAFluX-FS_OptimWISE",2026-06-06,0.296288775303122,0.547241754948377,4.00142697881828,0.324856500499133,0.883632124367259,0.808084155016755,6.26923076923077,0.501731968866077,0.487179487179487,0.92948717948718,156
"UVAFluX-FS_OptimWISE",2026-06-13,0.205902754908744,0.432743983927855,3.23716973244147,0.298323877286072,0.699985131446417,0.745949577078954,4.88461538461539,0.451340788025363,0.605769230769231,0.942307692307692,104
"UVAFluX-FS_OptimWISE",2026-06-20,0.232808848278738,0.556244511158398,3.75498327759197,0.374881768504206,0.86314888227426,0.828931089567722,5.80769230769231,0.543056104593057,0.461538461538462,0.826923076923077,52
"VTSanghani-PRIME",2026-05-09,0.701839603415722,0.863503233758018,5.65367753623188,0.284136664263475,1.07267195380919,1.07973504260413,8.04166666666667,0.38954600523103,0.8125,0.979166666666667,48
"VTSanghani-PRIME",2026-05-16,0.516200346680317,0.90163983987167,5.44595520421607,0.387621743338569,0.825375548474224,1.10422073632704,5.93939393939394,0.45011920413493,0.772727272727273,0.848484848484849,66
"VTSanghani-PRIME",2026-05-23,0.448161162240495,0.742467046946163,5.10745706978444,0.352200298752736,0.852358281923241,0.954341377165534,6.26890756302521,0.433110444424215,0.747899159663866,0.873949579831933,119
"VTSanghani-PRIME",2026-05-30,0.402576182878073,0.681351830334975,5.17751080600051,0.378781491038224,0.728069358251194,0.86067660720549,6.4093567251462,0.497515449160231,0.777777777777778,0.871345029239766,171
"VTSanghani-PRIME",2026-06-06,0.359133786418594,0.681744808505432,4.92821454027085,0.414791679162989,0.896145174818992,0.906241887255186,6.49180327868852,0.569653857144356,0.631147540983607,0.844262295081967,122
"VTSanghani-PRIME",2026-06-13,0.241298881197005,0.481278994848211,3.75463628762542,0.32438834191326,0.758718243318295,0.788210010732011,5.10576923076923,0.458661206740501,0.75,0.903846153846154,104
"VTSanghani-PRIME",2026-06-20,0.233448673005909,0.57611036075839,3.89904682274247,0.407422274438105,0.803580709841273,0.858189661115037,5.51923076923077,0.579431198460792,0.653846153846154,0.826923076923077,52
