"model_id","horizon","wis_scaled_relative_skill","wis_scaled_relative_skill__log","wis","wis__log","ae_median_scaled_relative_skill","ae_median_scaled_relative_skill__log","ae_median","ae_median__log","interval_coverage_50","interval_coverage_95","n"
"CFA_Pyrenew-Pyrenew_E_Flu",0,0.453377665358417,0.45431877225187,0.000300648024414013,0.000299414395479078,0.859972970616237,0.860304364876293,0.00047392839293845,0.000471991862566252,0.504132231404959,0.962809917355372,242
"CFA_Pyrenew-Pyrenew_E_Flu",1,0.396777736149824,0.397778106576728,0.000453217131873049,0.000451156577378752,0.777974271644271,0.778132238789222,0.000642767649991698,0.000640348045386447,0.669421487603306,0.983471074380165,242
"CFA_Pyrenew-Pyrenew_HE_Flu",0,0.471150426966001,0.472150262357051,0.000296603397914443,0.000295701153963762,0.90780906698434,0.908153210845979,0.000476582390626879,0.000475150996714696,0.459302325581395,0.959302325581395,172
"CFA_Pyrenew-Pyrenew_HE_Flu",1,0.371483028080117,0.372538183992231,0.000399144264494418,0.0003978021649696,0.723098801847255,0.723373999815558,0.000573568739749995,0.000572021847343403,0.622093023255814,0.970930232558139,172
"CMU-TimeSeries",0,0.427504808587402,0.428238511665868,0.00030496367483896,0.000303545524118284,0.76494445722165,0.764956348518079,0.000465235187167817,0.000463056036718926,0.576,0.968,250
"CMU-TimeSeries",1,0.256903907431858,0.257704890397699,0.000328513960894393,0.000327189366732951,0.535294348755027,0.53532780398291,0.000499978892206001,0.000497925865220052,0.5,0.972,250
"CMU-TimeSeries",2,0.204509915743051,0.205407841411392,0.000353043735281941,0.000351799899813301,0.399329968717368,0.399563771666894,0.000538432836628091,0.000536525131872464,0.456,0.948,250
"CMU-TimeSeries",3,0.183143995793036,0.184142290591364,0.00038259627228824,0.000381399949421661,0.360668220012426,0.360974867427562,0.000593983069969303,0.000592142601459065,0.396,0.936,250
"CU-ensemble",0,0.810147193826445,0.811797591165931,0.00056080452173913,0.000558432662618105,0.979618148660026,0.980103249238485,0.0005932,0.000590766476539229,0.94,0.996,250
"CU-ensemble",1,0.528054847526651,0.529631845833904,0.000655235652173913,0.000652532228487671,0.675193170319124,0.675429146649228,0.0006116,0.000609294950319164,0.956,0.996,250
"CU-ensemble",2,0.425921788051222,0.427568724430456,0.000727142782608696,0.000724239392279189,0.468114379351438,0.468504499079017,0.0006336,0.000631565673207164,0.952,0.988,250
"CU-ensemble",3,0.388536284585888,0.390292764823881,0.000804717565217391,0.000801516913142042,0.414890500500207,0.415444582755937,0.0006788,0.00067712392172216,0.94,0.984,250
"DMAPRIME-HYB",0,0.520890146302827,0.521733501983757,0.000270619677753623,0.000269987444868536,0.979695218964042,0.979366298421933,0.000420251433333333,0.000419280756584888,0.333333333333333,0.666666666666667,3
"DMAPRIME-HYB",1,0.118414453128817,0.118816533318607,0.000118315408089855,0.000118119050088769,0.262367794626494,0.262458470492396,0.0001783438,0.000178068654005974,1,1,3
"DMAPRIME-HYB",2,0.134065955930826,0.134675478577141,0.000170362770849275,0.000170129919310286,0.349431903873881,0.349539071380795,0.000300301133333333,0.000299905611132556,0.333333333333333,1,3
"DMAPRIME-HYB",3,0.0862167304277598,0.0866975405376544,0.000130097170052174,0.000129944525949781,0.192784298209434,0.192874947101129,0.000193527066666667,0.000193291938043261,0.666666666666667,1,3
"FluSight-baseline",0,1,1,0.000675955806337707,0.000671886251872228,1,1,0.0005828,0.000580073604047123,0.852,1,250
"FluSight-baseline",1,1,1,0.00120594357211671,0.00119777134335735,1,1,0.0009216,0.000917758138046845,0.968,1,250
"FluSight-baseline",2,1,1,0.00165424105925191,0.00164187486175502,1,1,0.00130480028400284,0.0012994014778173,0.98,1,250
"FluSight-baseline",3,1,1,0.00200747263743947,0.00199121245293233,1,1,0.00164000021400214,0.00163347726514658,0.988,1,250
"FluSight-ensemble",0,0.5003550416284,0.501304644374431,0.000346281607630256,0.000344749351036698,0.809187931005237,0.80923338272716,0.000476551710667125,0.000474354485588836,0.819607843137255,0.996078431372549,255
"FluSight-ensemble",1,0.30865505233163,0.309602382719283,0.000380555870454794,0.000378992034647786,0.516764772241957,0.516897522739827,0.000477689323732999,0.000475848305252592,0.870588235294118,0.992156862745098,255
"FluSight-ensemble",2,0.237114372702176,0.238100001000719,0.000404668641203117,0.00040312928248289,0.376634058668721,0.376751157253574,0.000497906904755905,0.000495977132000012,0.86,0.98,250
"FluSight-ensemble",3,0.196434678823018,0.197419218080449,0.000409115454044436,0.000407630754109449,0.294287632306693,0.294501594566808,0.000490839258956821,0.000489259525114752,0.82,0.98,250
"LosAlamos-DoSiDo",0,0.558592549960666,0.55972758601898,0.000414467916008082,0.00041262643430814,0.878717118481465,0.878854942796827,0.000549133853548252,0.000546562087272686,0.795,0.99,200
"LosAlamos-DoSiDo",1,0.360168608061774,0.361406365266289,0.000480234988774862,0.000478421581952236,0.653616208260376,0.65383845692642,0.000655836953222372,0.00065330949902208,0.8,1,200
"LosAlamos-DoSiDo",2,0.301189518926326,0.302430544236172,0.000544888158372836,0.000542764752059422,0.548320835324209,0.548568144515281,0.000775450599987846,0.000772580799779015,0.815,0.995,200
"LosAlamos-DoSiDo",3,0.275945554650923,0.277283336818351,0.000602268156812381,0.000599952530989435,0.485159353419401,0.485305915782194,0.0008462876952164,0.000843122633206138,0.8,0.985,200
"LosAlamos-ThinMint",0,0.906822980385426,0.908617009034398,0.000662215271430628,0.000659260665108645,1.44159230725607,1.44268207131882,0.000886717187767527,0.000883137652170151,0.835,0.99,200
"LosAlamos-ThinMint",1,0.534130873289092,0.535607194896801,0.000697385060547485,0.000694285982821233,0.885053680060659,0.885712511621885,0.00085090325755014,0.000848004545605595,0.905,0.995,200
"LosAlamos-ThinMint",2,0.427302785408659,0.428763655038238,0.000754412303347307,0.000751022889400903,0.660055189887002,0.660433344093167,0.000913936860743987,0.00091067595959745,0.905,0.995,200
"LosAlamos-ThinMint",3,0.372426734646371,0.373935185303653,0.000788163321059228,0.000784597908987242,0.532655312591563,0.533111681497563,0.000900765329181113,0.000897996643075067,0.88,0.99,200
"MOBS-EpyStrain_Flu",0,1.66711846283712,1.67020188026722,0.00120317043478261,0.00119763345166328,3.1201868594659,3.12211511895956,0.0018696,0.00186194480139581,0.516,0.916,250
"MOBS-EpyStrain_Flu",1,0.863034867237781,0.865746297965543,0.0011095147826087,0.0011049233783778,1.86940357617956,1.87055413634507,0.0017196,0.00171340295813776,0.48,0.916,250
"MOBS-EpyStrain_Flu",2,0.555406861500438,0.557884978773029,0.000979740869565217,0.000976264597985597,1.11434618031221,1.11551842123936,0.0014996,0.00149497707829649,0.5,0.916,250
"MOBS-EpyStrain_Flu",3,0.37664835701946,0.378761884647081,0.000764932608695652,0.000762746894544783,0.756148261028336,0.75717592691691,0.0011695,0.00116661599596286,0.585,0.955,200
"MetroCast-ensemble",0,0.710263457121867,0.711673232797852,0.000431523628650964,0.00043012284657228,1.31811227664088,1.31842331090342,0.000638504043481466,0.000636447003688991,0.711538461538462,1,52
"MetroCast-ensemble",1,0.371238463381733,0.37238733149959,0.000437169170898184,0.000435827360651056,0.584957290075942,0.584985468395542,0.000487040528111921,0.000485492628214245,0.903846153846154,1,52
"MetroCast-ensemble",2,0.273736444589657,0.274823336577485,0.000460631043026077,0.000459303312416637,0.362414631864399,0.362482528599959,0.000483548249170137,0.00048222756141105,0.942307692307692,1,52
"MetroCast-ensemble",3,0.236718879571255,0.237846803934559,0.000487890162052942,0.000486545780448,0.273244671750321,0.273395252446765,0.000490083728095215,0.000488989633369742,0.961538461538462,1,52
"NAU-vulPES",0,0.567744060925515,0.568824526985693,0.000394582775643081,0.000392836663461031,0.889048798041241,0.888934145826189,0.000527116780702675,0.00052456161346514,0.868,0.988,250
"NAU-vulPES",1,0.366710761338205,0.367822665799631,0.000455480777018305,0.00045358498190106,0.614551224106472,0.614549300801876,0.000558817387140187,0.000556452053684251,0.9,0.976,250
"NAU-vulPES",2,0.291956095686745,0.29305372274723,0.000500159553942749,0.000498031691054983,0.463713643816248,0.463689898279322,0.000615855794819101,0.000613191671573439,0.884,0.972,250
"NAU-vulPES",3,0.254638479566629,0.255775999873776,0.0005389544745419,0.000536676175929377,0.401166400004838,0.401132295247605,0.000687274930820717,0.000684389606019697,0.86,0.968,250
"NEU_ISI-FluBcast",0,0.543549456405199,0.544275884846727,0.000373802673164961,0.000372213557726889,1.03466533387064,1.03428838016002,0.000592081328230242,0.000589574799006969,0.525210084033613,0.941176470588235,238
"NEU_ISI-FluBcast",1,0.312652056363415,0.313526528092395,0.000373943289583382,0.000372609324553758,0.67367568737154,0.673587730504386,0.000585284297307055,0.000583202554275538,0.453781512605042,0.907563025210084,238
"NEU_ISI-FluBcast",2,0.208215098406833,0.209092397415837,0.000351810347038392,0.000350808552620912,0.420955401603424,0.421109061050002,0.000532812060034904,0.000531313031699353,0.474789915966387,0.857142857142857,238
"NEU_ISI-FluBcast",3,0.157707576523837,0.158563547012437,0.000327999100328142,0.000327242047160261,0.304696213225833,0.304946747087224,0.000488413164729792,0.000487325877572352,0.394957983193277,0.815126050420168,238
"UGA_flucast-Copycat",0,0.708380436609181,0.710010159112746,0.00048482544454767,0.000482902398309665,1.07267446633832,1.07310248488314,0.00061561365282082,0.000613000656613003,0.888,1,250
"UGA_flucast-Copycat",1,0.495146047563835,0.496806893522322,0.000606259387690201,0.000603967926641096,0.859447619591294,0.859794757244979,0.000755423152623707,0.000752556910986711,0.936,0.996,250
"UGA_flucast-Copycat",2,0.413621505248776,0.415231678444488,0.000703388451153686,0.000700531630578709,0.690915827432669,0.691108336025618,0.00090365025179401,0.000900082855078066,0.932,0.996,250
"UGA_flucast-Copycat",3,0.373801302343865,0.375475694725946,0.000783575704586116,0.000780322519486527,0.629733436862002,0.629831635894112,0.00103314268567126,0.00102906416190997,0.92,0.996,250
"UGA_flucast-INFLAenza",0,0.506370992215515,0.50709731030151,0.000362160035338042,0.000360350604706898,0.895308744493329,0.895188115441296,0.000544258369434853,0.000541608627340942,0.696,0.98,250
"UGA_flucast-INFLAenza",1,0.304307991617867,0.305067084292265,0.000392994724575783,0.000391095976262691,0.588996476971064,0.589081770696517,0.000573170531605422,0.000570843253676978,0.672,0.976,250
"UGA_flucast-INFLAenza",2,0.230215888037812,0.230980048825168,0.000403972770225703,0.00040201743861475,0.447130579556092,0.447145565135592,0.000603601271923177,0.000601060525076963,0.648,0.968,250
"UGA_flucast-INFLAenza",3,0.190003668326918,0.190769566100391,0.000413799193706093,0.000411799922150262,0.353153581955742,0.353165707071468,0.000617140726771232,0.000614646101223995,0.568,0.964,250
